"prod","data","vendite_giorn_prod"
1,"2014-01-01",175.019359084179
1,"2014-01-02",378
1,"2014-01-03",402
1,"2014-01-04",111
1,"2014-01-05",57
1,"2014-01-06",8
1,"2014-01-07",551
1,"2014-01-08",680
1,"2014-01-09",749
1,"2014-01-10",772
1,"2014-01-11",237
1,"2014-01-12",96
1,"2014-01-13",584
1,"2014-01-14",772
1,"2014-01-15",841
1,"2014-01-16",873
1,"2014-01-17",841
1,"2014-01-18",221
1,"2014-01-19",111
1,"2014-01-20",633
1,"2014-01-21",838
1,"2014-01-22",807
1,"2014-01-23",625
1,"2014-01-24",783
1,"2014-01-25",263
1,"2014-01-26",81
1,"2014-01-27",627
1,"2014-01-28",811
1,"2014-01-29",863
1,"2014-01-30",857
1,"2014-01-31",793
1,"2014-02-01",271
1,"2014-02-02",74
1,"2014-02-03",614
1,"2014-02-04",760
1,"2014-02-05",719
1,"2014-02-06",768
1,"2014-02-07",818
1,"2014-02-08",289
1,"2014-02-09",74
1,"2014-02-10",639
1,"2014-02-11",816
1,"2014-02-12",832
1,"2014-02-13",866
1,"2014-02-14",812
1,"2014-02-15",285
1,"2014-02-16",81
1,"2014-02-17",671
1,"2014-02-18",828
1,"2014-02-19",860
1,"2014-02-20",826
1,"2014-02-21",822
1,"2014-02-22",209
1,"2014-02-23",151
1,"2014-02-24",614
1,"2014-02-25",922
1,"2014-02-26",792
1,"2014-02-27",965
1,"2014-02-28",867
1,"2014-03-01",293
1,"2014-03-02",65
1,"2014-03-03",603
1,"2014-03-04",776
1,"2014-03-05",797
1,"2014-03-06",814
1,"2014-03-07",721
1,"2014-03-08",347
1,"2014-03-09",69
1,"2014-03-10",618
1,"2014-03-11",785
1,"2014-03-12",846
1,"2014-03-13",762
1,"2014-03-14",822
1,"2014-03-15",300
1,"2014-03-16",81
1,"2014-03-17",623
1,"2014-03-18",786
1,"2014-03-19",826.858176802113
1,"2014-03-20",811.796676953151
1,"2014-03-21",814.755345193353
1,"2014-03-22",219.797903017893
1,"2014-03-23",106.284179724641
1,"2014-03-24",645.799634165127
1,"2014-03-25",809.452557402401
1,"2014-03-26",946
1,"2014-03-27",776
1,"2014-03-28",864
1,"2014-03-29",210
1,"2014-03-30",166
1,"2014-03-31",618
1,"2014-04-01",740
1,"2014-04-02",906
1,"2014-04-03",756
1,"2014-04-04",741
1,"2014-04-05",204
1,"2014-04-06",38
1,"2014-04-07",612
1,"2014-04-08",762
1,"2014-04-09",1141
1,"2014-04-10",743
1,"2014-04-11",742
1,"2014-04-12",185
1,"2014-04-13",267
1,"2014-04-14",621
1,"2014-04-15",723
1,"2014-04-16",763
1,"2014-04-17",725
1,"2014-04-18",998
1,"2014-04-19",177
1,"2014-04-20",48
1,"2014-04-21",2
1,"2014-04-22",659
1,"2014-04-23",670
1,"2014-04-24",705
1,"2014-04-25",119
1,"2014-04-26",29
1,"2014-04-27",44
1,"2014-04-28",577
1,"2014-04-29",680
1,"2014-04-30",711
1,"2014-05-01",470
1,"2014-05-02",393
1,"2014-05-03",167
1,"2014-05-04",45
1,"2014-05-05",570
1,"2014-05-06",680
1,"2014-05-07",695
1,"2014-05-08",678
1,"2014-05-09",677
1,"2014-05-10",88
1,"2014-05-11",596
1,"2014-05-12",582
1,"2014-05-13",731
1,"2014-05-14",725
1,"2014-05-15",770
1,"2014-05-16",734
1,"2014-05-17",214
1,"2014-05-18",54
1,"2014-05-19",558
1,"2014-05-20",716
1,"2014-05-21",745
1,"2014-05-22",749
1,"2014-05-23",718
1,"2014-05-24",183
1,"2014-05-25",40
1,"2014-05-26",585
1,"2014-05-27",712
1,"2014-05-28",758
1,"2014-05-29",767
1,"2014-05-30",725
1,"2014-05-31",281
1,"2014-06-01",35
1,"2014-06-02",27
1,"2014-06-03",621
1,"2014-06-04",731
1,"2014-06-05",737
1,"2014-06-06",705
1,"2014-06-07",244
1,"2014-06-08",44
1,"2014-06-09",606
1,"2014-06-10",716
1,"2014-06-11",708
1,"2014-06-12",790
1,"2014-06-13",681
1,"2014-06-14",350
1,"2014-06-15",217
1,"2014-06-16",607
1,"2014-06-17",712
1,"2014-06-18",745
1,"2014-06-19",629
1,"2014-06-20",741
1,"2014-06-21",291
1,"2014-06-22",244
1,"2014-06-23",616
1,"2014-06-24",711
1,"2014-06-25",660
1,"2014-06-26",811
1,"2014-06-27",621
1,"2014-06-28",402
1,"2014-06-29",147
1,"2014-06-30",604.370592154046
1,"2014-07-01",639
1,"2014-07-02",739
1,"2014-07-03",859
1,"2014-07-04",706
1,"2014-07-05",286
1,"2014-07-06",101
1,"2014-07-07",578
1,"2014-07-08",716
1,"2014-07-09",796
1,"2014-07-10",736
1,"2014-07-11",696
1,"2014-07-12",265
1,"2014-07-13",159
1,"2014-07-14",613
1,"2014-07-15",690
1,"2014-07-16",654
1,"2014-07-17",642
1,"2014-07-18",652
1,"2014-07-19",237
1,"2014-07-20",121
1,"2014-07-21",489
1,"2014-07-22",628
1,"2014-07-23",678
1,"2014-07-24",677
1,"2014-07-25",636
1,"2014-07-26",292
1,"2014-07-27",48
1,"2014-07-28",466
1,"2014-07-29",733
1,"2014-07-30",756
1,"2014-07-31",718
1,"2014-08-01",631
1,"2014-08-02",252
1,"2014-08-03",97
1,"2014-08-04",445
1,"2014-08-05",636
1,"2014-08-06",627
1,"2014-08-07",629
1,"2014-08-08",605
1,"2014-08-09",271
1,"2014-08-10",64
1,"2014-08-11",362
1,"2014-08-12",561
1,"2014-08-13",539
1,"2014-08-14",453
1,"2014-08-15",109
1,"2014-08-16",25
1,"2014-08-17",34
1,"2014-08-18",341
1,"2014-08-19",491
1,"2014-08-20",540
1,"2014-08-21",493
1,"2014-08-22",482
1,"2014-08-23",217
1,"2014-08-24",42
1,"2014-08-25",439
1,"2014-08-26",564
1,"2014-08-27",606
1,"2014-08-28",575
1,"2014-08-29",585
1,"2014-08-30",243
1,"2014-08-31",46
1,"2014-09-01",500
1,"2014-09-02",658
1,"2014-09-03",686
1,"2014-09-04",713
1,"2014-09-05",685
1,"2014-09-06",285
1,"2014-09-07",57
1,"2014-09-08",519
1,"2014-09-09",727
1,"2014-09-10",766
1,"2014-09-11",775
1,"2014-09-12",729
1,"2014-09-13",297
1,"2014-09-14",66
1,"2014-09-15",502
1,"2014-09-16",769
1,"2014-09-17",803
1,"2014-09-18",801
1,"2014-09-19",777
1,"2014-09-20",339
1,"2014-09-21",85
1,"2014-09-22",563
1,"2014-09-23",773
1,"2014-09-24",832
1,"2014-09-25",821
1,"2014-09-26",815
1,"2014-09-27",322
1,"2014-09-28",63
1,"2014-09-29",581
1,"2014-09-30",874
1,"2014-10-01",854
1,"2014-10-02",811
1,"2014-10-03",797
1,"2014-10-04",316
1,"2014-10-05",106
1,"2014-10-06",600
1,"2014-10-07",856
1,"2014-10-08",846
1,"2014-10-09",837
1,"2014-10-10",817
1,"2014-10-11",356
1,"2014-10-12",103
1,"2014-10-13",585
1,"2014-10-14",803
1,"2014-10-15",874
1,"2014-10-16",844
1,"2014-10-17",839
1,"2014-10-18",324
1,"2014-10-19",83
1,"2014-10-20",644
1,"2014-10-21",851
1,"2014-10-22",848
1,"2014-10-23",941
1,"2014-10-24",858
1,"2014-10-25",341
1,"2014-10-26",140
1,"2014-10-27",661
1,"2014-10-28",895
1,"2014-10-29",935
1,"2014-10-30",925
1,"2014-10-31",884
1,"2014-11-01",255
1,"2014-11-02",22
1,"2014-11-03",637
1,"2014-11-04",841
1,"2014-11-05",907
1,"2014-11-06",956
1,"2014-11-07",889
1,"2014-11-08",434
1,"2014-11-09",106
1,"2014-11-10",606
1,"2014-11-11",775
1,"2014-11-12",973
1,"2014-11-13",835
1,"2014-11-14",770
1,"2014-11-15",399
1,"2014-11-16",135
1,"2014-11-17",581
1,"2014-11-18",797
1,"2014-11-19",810
1,"2014-11-20",830
1,"2014-11-21",798
1,"2014-11-22",281
1,"2014-11-23",120
1,"2014-11-24",605
1,"2014-11-25",849
1,"2014-11-26",874
1,"2014-11-27",975
1,"2014-11-28",931
1,"2014-11-29",395
1,"2014-11-30",202
1,"2014-12-01",657
1,"2014-12-02",910
1,"2014-12-03",941
1,"2014-12-04",854
1,"2014-12-05",832
1,"2014-12-06",418
1,"2014-12-07",124
1,"2014-12-08",29
1,"2014-12-09",634
1,"2014-12-10",854
1,"2014-12-11",849
1,"2014-12-12",676
1,"2014-12-13",418
1,"2014-12-14",176
1,"2014-12-15",595
1,"2014-12-16",869
1,"2014-12-17",827
1,"2014-12-18",866
1,"2014-12-19",797
1,"2014-12-20",449
1,"2014-12-21",142
1,"2014-12-22",519
1,"2014-12-23",717
1,"2014-12-24",535
1,"2014-12-25",227
1,"2014-12-26",15
1,"2014-12-27",115
1,"2014-12-28",111
1,"2014-12-29",446
1,"2014-12-30",578
1,"2014-12-31",490
1,"2015-01-01",8
1,"2015-01-02",638
1,"2015-01-03",134
1,"2015-01-04",4
1,"2015-01-05",598
1,"2015-01-06",39
1,"2015-01-07",661
1,"2015-01-08",847
1,"2015-01-09",773
1,"2015-01-10",248
1,"2015-01-11",10
1,"2015-01-12",960
1,"2015-01-13",818
1,"2015-01-14",822
1,"2015-01-15",882
1,"2015-01-16",845
1,"2015-01-17",183
1,"2015-01-18",45
1,"2015-01-19",839
1,"2015-01-20",885
1,"2015-01-21",843
1,"2015-01-22",899
1,"2015-01-23",991
1,"2015-01-24",262
1,"2015-01-25",13
1,"2015-01-26",972
1,"2015-01-27",732
1,"2015-01-28",907
1,"2015-01-29",772
1,"2015-01-30",841
1,"2015-01-31",239
1,"2015-02-01",15
1,"2015-02-02",889
1,"2015-02-03",753
1,"2015-02-04",903
1,"2015-02-05",989
1,"2015-02-06",837
1,"2015-02-07",296
1,"2015-02-08",6
1,"2015-02-09",979
1,"2015-02-10",713
1,"2015-02-11",910
1,"2015-02-12",939
1,"2015-02-13",846
1,"2015-02-14",314
1,"2015-02-15",22
1,"2015-02-16",786
1,"2015-02-17",819
1,"2015-02-18",779
1,"2015-02-19",975
1,"2015-02-20",887
1,"2015-02-21",241
1,"2015-02-22",23
1,"2015-02-23",883
1,"2015-02-24",883
1,"2015-02-25",855
1,"2015-02-26",856
1,"2015-02-27",842
1,"2015-02-28",272
1,"2015-03-01",54
1,"2015-03-02",874
1,"2015-03-03",791
1,"2015-03-04",858
1,"2015-03-05",787
1,"2015-03-06",820
1,"2015-03-07",318
1,"2015-03-08",34
1,"2015-03-09",784
1,"2015-03-10",874
1,"2015-03-11",869
1,"2015-03-12",889
1,"2015-03-13",920
1,"2015-03-14",248
1,"2015-03-15",40
1,"2015-03-16",795
1,"2015-03-17",869
1,"2015-03-18",895
1,"2015-03-19",765
1,"2015-03-20",909
1,"2015-03-21",291
1,"2015-03-22",33
1,"2015-03-23",838
1,"2015-03-24",934
1,"2015-03-25",868
1,"2015-03-26",641
1,"2015-03-27",853
1,"2015-03-28",295
1,"2015-03-29",71
1,"2015-03-30",836
1,"2015-03-31",793
1,"2015-04-01",850
1,"2015-04-02",799
1,"2015-04-03",829
1,"2015-04-04",202
1,"2015-04-05",50
1,"2015-04-06",37
1,"2015-04-07",705
1,"2015-04-08",782
1,"2015-04-09",839
1,"2015-04-10",740
1,"2015-04-11",173
1,"2015-04-12",103
1,"2015-04-13",854
1,"2015-04-14",888
1,"2015-04-15",823
1,"2015-04-16",767
1,"2015-04-17",850
1,"2015-04-18",232
1,"2015-04-19",68
1,"2015-04-20",604
1,"2015-04-21",613
1,"2015-04-22",679
1,"2015-04-23",1042
1,"2015-04-24",941
1,"2015-04-25",144
1,"2015-04-26",72
1,"2015-04-27",949
1,"2015-04-28",769
1,"2015-04-29",684
1,"2015-04-30",806
1,"2015-05-01",125
1,"2015-05-02",59
1,"2015-05-03",33
1,"2015-05-04",646
1,"2015-05-05",896
1,"2015-05-06",807
1,"2015-05-07",906
1,"2015-05-08",826
1,"2015-05-09",237
1,"2015-05-10",6
1,"2015-05-11",873
1,"2015-05-12",951
1,"2015-05-13",852
1,"2015-05-14",871
1,"2015-05-15",732
1,"2015-05-16",124
1,"2015-05-17",132
1,"2015-05-18",869
1,"2015-05-19",824
1,"2015-05-20",812
1,"2015-05-21",586
1,"2015-05-22",793
1,"2015-05-23",295
1,"2015-05-24",69
1,"2015-05-25",702
1,"2015-05-26",916
1,"2015-05-27",824
1,"2015-05-28",614
1,"2015-05-29",609
1,"2015-05-30",149
1,"2015-05-31",113
1,"2015-06-01",400
1,"2015-06-02",413
1,"2015-06-03",769
1,"2015-06-04",863
1,"2015-06-05",655
1,"2015-06-06",303
1,"2015-06-07",90
1,"2015-06-08",867
1,"2015-06-09",799
1,"2015-06-10",851
1,"2015-06-11",802
1,"2015-06-12",720
1,"2015-06-13",229
1,"2015-06-14",78
1,"2015-06-15",890
1,"2015-06-16",822
1,"2015-06-17",807
1,"2015-06-18",794
1,"2015-06-19",772
1,"2015-06-20",134
1,"2015-06-21",101
1,"2015-06-22",873
1,"2015-06-23",837
1,"2015-06-24",655
1,"2015-06-25",877
1,"2015-06-26",849
1,"2015-06-27",268
1,"2015-06-28",86
1,"2015-06-29",768
1,"2015-06-30",771
1,"2015-07-01",799
1,"2015-07-02",776
1,"2015-07-03",806
1,"2015-07-04",157
1,"2015-07-05",56
1,"2015-07-06",773
1,"2015-07-07",788
1,"2015-07-08",811
1,"2015-07-09",761
1,"2015-07-10",711
1,"2015-07-11",194
1,"2015-07-12",114
1,"2015-07-13",753
1,"2015-07-14",758
1,"2015-07-15",789
1,"2015-07-16",771
1,"2015-07-17",894
1,"2015-07-18",186
1,"2015-07-19",53
1,"2015-07-20",678
1,"2015-07-21",715
1,"2015-07-22",691
1,"2015-07-23",675
1,"2015-07-24",675
1,"2015-07-25",206
1,"2015-07-26",38
1,"2015-07-27",568
1,"2015-07-28",796
1,"2015-07-29",679
1,"2015-07-30",627
1,"2015-07-31",756
1,"2015-08-01",249
1,"2015-08-02",35
1,"2015-08-03",700
1,"2015-08-04",746
1,"2015-08-05",677
1,"2015-08-06",639
1,"2015-08-07",648
1,"2015-08-08",136
1,"2015-08-09",43
1,"2015-08-10",564
1,"2015-08-11",571
1,"2015-08-12",555
1,"2015-08-13",552
1,"2015-08-14",487
1,"2015-08-15",10
1,"2015-08-16",3
1,"2015-08-17",482
1,"2015-08-18",537
1,"2015-08-19",526
1,"2015-08-20",496
1,"2015-08-21",516
1,"2015-08-22",92
1,"2015-08-23",29
1,"2015-08-24",577
1,"2015-08-25",606
1,"2015-08-26",574
1,"2015-08-27",620
1,"2015-08-28",627
1,"2015-08-29",116
1,"2015-08-30",43
1,"2015-08-31",611
1,"2015-09-01",687
1,"2015-09-02",649
1,"2015-09-03",684
1,"2015-09-04",671
1,"2015-09-05",145
1,"2015-09-06",61
1,"2015-09-07",712
1,"2015-09-08",858
1,"2015-09-09",848
1,"2015-09-10",913
1,"2015-09-11",879
1,"2015-09-12",200
1,"2015-09-13",59
1,"2015-09-14",891
1,"2015-09-15",859
1,"2015-09-16",891
1,"2015-09-17",890
1,"2015-09-18",910
1,"2015-09-19",134
1,"2015-09-20",97
1,"2015-09-21",819
1,"2015-09-22",985
1,"2015-09-23",1026
1,"2015-09-24",1028
1,"2015-09-25",956
1,"2015-09-26",193
1,"2015-09-27",42
1,"2015-09-28",822
1,"2015-09-29",983
1,"2015-09-30",878
1,"2015-10-01",882
1,"2015-10-02",919
1,"2015-10-03",194
1,"2015-10-04",65
1,"2015-10-05",880
1,"2015-10-06",1036
1,"2015-10-07",924
1,"2015-10-08",886
1,"2015-10-09",905
1,"2015-10-10",191
1,"2015-10-11",57
1,"2015-10-12",818
1,"2015-10-13",879
1,"2015-10-14",903
1,"2015-10-15",966
1,"2015-10-16",948
1,"2015-10-17",285
1,"2015-10-18",100
1,"2015-10-19",918
1,"2015-10-20",899
1,"2015-10-21",910
1,"2015-10-22",962
1,"2015-10-23",943
1,"2015-10-24",203
1,"2015-10-25",90
1,"2015-10-26",937
1,"2015-10-27",904
1,"2015-10-28",823
1,"2015-10-29",954
1,"2015-10-30",815
1,"2015-10-31",198
1,"2015-11-01",74
1,"2015-11-02",854
1,"2015-11-03",984
1,"2015-11-04",793
1,"2015-11-05",1036
1,"2015-11-06",937
1,"2015-11-07",231
1,"2015-11-08",71
1,"2015-11-09",878
1,"2015-11-10",879
1,"2015-11-11",849
1,"2015-11-12",794
1,"2015-11-13",960
1,"2015-11-14",272
1,"2015-11-15",77
1,"2015-11-16",842
1,"2015-11-17",930
1,"2015-11-18",867
1,"2015-11-19",857
1,"2015-11-20",895
1,"2015-11-21",272
1,"2015-11-22",96
1,"2015-11-23",857
1,"2015-11-24",800
1,"2015-11-25",659
1,"2015-11-26",882
1,"2015-11-27",867
1,"2015-11-28",310
1,"2015-11-29",55
1,"2015-11-30",908
1,"2015-12-01",813
1,"2015-12-02",823
1,"2015-12-03",853
1,"2015-12-04",992
1,"2015-12-05",265
1,"2015-12-06",68
1,"2015-12-07",726
1,"2015-12-08",146
1,"2015-12-09",879
1,"2015-12-10",922
1,"2015-12-11",954
1,"2015-12-12",293
1,"2015-12-13",91
1,"2015-12-14",969
1,"2015-12-15",887
1,"2015-12-16",885
1,"2015-12-17",900
1,"2015-12-18",944
1,"2015-12-19",161
1,"2015-12-20",78
1,"2015-12-21",894
1,"2015-12-22",833
1,"2015-12-23",765
1,"2015-12-24",634
1,"2015-12-25",59
1,"2015-12-26",9
1,"2015-12-27",9
1,"2015-12-28",794
1,"2015-12-29",717
1,"2015-12-30",483
1,"2015-12-31",367
1,"2016-01-01",56
1,"2016-01-02",83
1,"2016-01-03",56
1,"2016-01-04",732
1,"2016-01-05",874
1,"2016-01-06",93
1,"2016-01-07",903
1,"2016-01-08",875
1,"2016-01-09",199
1,"2016-01-10",64
1,"2016-01-11",843
1,"2016-01-12",930
1,"2016-01-13",918
1,"2016-01-14",862
1,"2016-01-15",1046
1,"2016-01-16",209
1,"2016-01-17",67
1,"2016-01-18",1050
1,"2016-01-19",850
1,"2016-01-20",932
1,"2016-01-21",933
1,"2016-01-22",985
1,"2016-01-23",230
1,"2016-01-24",68
1,"2016-01-25",1119
1,"2016-01-26",947
1,"2016-01-27",1039
1,"2016-01-28",968
1,"2016-01-29",982
1,"2016-01-30",148
1,"2016-01-31",53
1,"2016-02-01",1003
1,"2016-02-02",869
1,"2016-02-03",932
1,"2016-02-04",1001
1,"2016-02-05",903
1,"2016-02-06",180
1,"2016-02-07",83
1,"2016-02-08",1093
1,"2016-02-09",868
1,"2016-02-10",956
1,"2016-02-11",929
1,"2016-02-12",940
1,"2016-02-13",200
1,"2016-02-14",82
1,"2016-02-15",918
1,"2016-02-16",892
1,"2016-02-17",827
1,"2016-02-18",1010
1,"2016-02-19",901
1,"2016-02-20",218
1,"2016-02-21",53
1,"2016-02-22",990
1,"2016-02-23",961
1,"2016-02-24",944
1,"2016-02-25",996
1,"2016-02-26",1066
1,"2016-02-27",318
1,"2016-02-28",19
1,"2016-02-29",1040
1,"2016-03-01",1029
1,"2016-03-02",1187
1,"2016-03-03",1028
1,"2016-03-04",1038
1,"2016-03-05",178
1,"2016-03-06",33
1,"2016-03-07",1072
1,"2016-03-08",938
1,"2016-03-09",1043
1,"2016-03-10",912
1,"2016-03-11",1015
1,"2016-03-12",171
1,"2016-03-13",46
1,"2016-03-14",1083
1,"2016-03-15",1058
1,"2016-03-16",1034
1,"2016-03-17",1033
1,"2016-03-18",1007
1,"2016-03-19",206
1,"2016-03-20",36
1,"2016-03-21",921
1,"2016-03-22",318
1,"2016-03-23",835
1,"2016-03-24",1024
1,"2016-03-25",1024
1,"2016-03-26",236
1,"2016-03-27",24
1,"2016-03-28",32
1,"2016-03-29",1053
1,"2016-03-30",1005
1,"2016-03-31",976
1,"2016-04-01",1051
1,"2016-04-02",205
1,"2016-04-03",51
1,"2016-04-04",1066
1,"2016-04-05",1016
1,"2016-04-06",901
1,"2016-04-07",862
1,"2016-04-08",909
1,"2016-04-09",386
1,"2016-04-10",44
1,"2016-04-11",946
1,"2016-04-12",861
1,"2016-04-13",979
1,"2016-04-14",1014
1,"2016-04-15",982
1,"2016-04-16",319
1,"2016-04-17",28
1,"2016-04-18",872
1,"2016-04-19",777
1,"2016-04-20",623
1,"2016-04-21",802
1,"2016-04-22",907
1,"2016-04-23",384
1,"2016-04-24",10
1,"2016-04-25",39
1,"2016-04-26",972
1,"2016-04-27",921
1,"2016-04-28",899
1,"2016-04-29",969
1,"2016-04-30",430
1,"2016-05-01",14
1,"2016-05-02",871
1,"2016-05-03",852
1,"2016-05-04",863
1,"2016-05-05",945
1,"2016-05-06",956
1,"2016-05-07",171
1,"2016-05-08",4
1,"2016-05-09",873
1,"2016-05-10",792
1,"2016-05-11",919
1,"2016-05-12",877
1,"2016-05-13",816
1,"2016-05-14",53
1,"2016-05-15",9
1,"2016-05-16",976
1,"2016-05-17",858
1,"2016-05-18",909
1,"2016-05-19",465
2,"2014-01-01",154.676454928325
2,"2014-01-02",274
2,"2014-01-03",304
2,"2014-01-04",80
2,"2014-01-05",34
2,"2014-01-06",2
2,"2014-01-07",245
2,"2014-01-08",382
2,"2014-01-09",416
2,"2014-01-10",341
2,"2014-01-11",129
2,"2014-01-12",42
2,"2014-01-13",285
2,"2014-01-14",261
2,"2014-01-15",394
2,"2014-01-16",376
2,"2014-01-17",408
2,"2014-01-18",101
2,"2014-01-19",75
2,"2014-01-20",310
2,"2014-01-21",432
2,"2014-01-22",389
2,"2014-01-23",296
2,"2014-01-24",444
2,"2014-01-25",146
2,"2014-01-26",44
2,"2014-01-27",234
2,"2014-01-28",429
2,"2014-01-29",407
2,"2014-01-30",383
2,"2014-01-31",460
2,"2014-02-01",172
2,"2014-02-02",64
2,"2014-02-03",249
2,"2014-02-04",422
2,"2014-02-05",402
2,"2014-02-06",389
2,"2014-02-07",478
2,"2014-02-08",186
2,"2014-02-09",48
2,"2014-02-10",299
2,"2014-02-11",518
2,"2014-02-12",341
2,"2014-02-13",515
2,"2014-02-14",384
2,"2014-02-15",161
2,"2014-02-16",42
2,"2014-02-17",306
2,"2014-02-18",504
2,"2014-02-19",455
2,"2014-02-20",463
2,"2014-02-21",404
2,"2014-02-22",83
2,"2014-02-23",92
2,"2014-02-24",214
2,"2014-02-25",353
2,"2014-02-26",284
2,"2014-02-27",333
2,"2014-02-28",436
2,"2014-03-01",143
2,"2014-03-02",60
2,"2014-03-03",467
2,"2014-03-04",606
2,"2014-03-05",459
2,"2014-03-06",482
2,"2014-03-07",365
2,"2014-03-08",214
2,"2014-03-09",40
2,"2014-03-10",309
2,"2014-03-11",405
2,"2014-03-12",413
2,"2014-03-13",377
2,"2014-03-14",407
2,"2014-03-15",158
2,"2014-03-16",43
2,"2014-03-17",340
2,"2014-03-18",430
2,"2014-03-19",429.75085854912
2,"2014-03-20",416.815113789739
2,"2014-03-21",400.713664376506
2,"2014-03-22",117.013057543147
2,"2014-03-23",78.7013840744658
2,"2014-03-24",301.590476176278
2,"2014-03-25",399.568979394071
2,"2014-03-26",448
2,"2014-03-27",285
2,"2014-03-28",416
2,"2014-03-29",66
2,"2014-03-30",88
2,"2014-03-31",330
2,"2014-04-01",308
2,"2014-04-02",451
2,"2014-04-03",351
2,"2014-04-04",341
2,"2014-04-05",75
2,"2014-04-06",17
2,"2014-04-07",256
2,"2014-04-08",267
2,"2014-04-09",571
2,"2014-04-10",429
2,"2014-04-11",344
2,"2014-04-12",66
2,"2014-04-13",211
2,"2014-04-14",288
2,"2014-04-15",384
2,"2014-04-16",464
2,"2014-04-17",323
2,"2014-04-18",518
2,"2014-04-19",70
2,"2014-04-20",10
2,"2014-04-21",3
2,"2014-04-22",268
2,"2014-04-23",372
2,"2014-04-24",318
2,"2014-04-25",85
2,"2014-04-26",16
2,"2014-04-27",29
2,"2014-04-28",284
2,"2014-04-29",354
2,"2014-04-30",317
2,"2014-05-01",319
2,"2014-05-02",256
2,"2014-05-03",83
2,"2014-05-04",26
2,"2014-05-05",297
2,"2014-05-06",256
2,"2014-05-07",327
2,"2014-05-08",360
2,"2014-05-09",300
2,"2014-05-10",54
2,"2014-05-11",403
2,"2014-05-12",266
2,"2014-05-13",285
2,"2014-05-14",311
2,"2014-05-15",343
2,"2014-05-16",340
2,"2014-05-17",79
2,"2014-05-18",34
2,"2014-05-19",223
2,"2014-05-20",346
2,"2014-05-21",283
2,"2014-05-22",284
2,"2014-05-23",315
2,"2014-05-24",76
2,"2014-05-25",11
2,"2014-05-26",206
2,"2014-05-27",323
2,"2014-05-28",312
2,"2014-05-29",301
2,"2014-05-30",271
2,"2014-05-31",74
2,"2014-06-01",12
2,"2014-06-02",11
2,"2014-06-03",248
2,"2014-06-04",274
2,"2014-06-05",281
2,"2014-06-06",253
2,"2014-06-07",76
2,"2014-06-08",14
2,"2014-06-09",353
2,"2014-06-10",283
2,"2014-06-11",242
2,"2014-06-12",395
2,"2014-06-13",391
2,"2014-06-14",103
2,"2014-06-15",112
2,"2014-06-16",322
2,"2014-06-17",286
2,"2014-06-18",341
2,"2014-06-19",335
2,"2014-06-20",360
2,"2014-06-21",79
2,"2014-06-22",152
2,"2014-06-23",261
2,"2014-06-24",288
2,"2014-06-25",225
2,"2014-06-26",334
2,"2014-06-27",287
2,"2014-06-28",142
2,"2014-06-29",77
2,"2014-06-30",254.103301433874
2,"2014-07-01",234
2,"2014-07-02",286
2,"2014-07-03",427
2,"2014-07-04",276
2,"2014-07-05",86
2,"2014-07-06",33
2,"2014-07-07",189
2,"2014-07-08",278
2,"2014-07-09",292
2,"2014-07-10",296
2,"2014-07-11",316
2,"2014-07-12",82
2,"2014-07-13",81
2,"2014-07-14",268
2,"2014-07-15",412
2,"2014-07-16",251
2,"2014-07-17",362
2,"2014-07-18",323
2,"2014-07-19",67
2,"2014-07-20",91
2,"2014-07-21",263
2,"2014-07-22",326
2,"2014-07-23",342
2,"2014-07-24",355
2,"2014-07-25",381
2,"2014-07-26",109
2,"2014-07-27",30
2,"2014-07-28",237
2,"2014-07-29",406
2,"2014-07-30",307
2,"2014-07-31",395
2,"2014-08-01",404
2,"2014-08-02",129
2,"2014-08-03",55
2,"2014-08-04",224
2,"2014-08-05",324
2,"2014-08-06",310
2,"2014-08-07",318
2,"2014-08-08",331
2,"2014-08-09",105
2,"2014-08-10",45
2,"2014-08-11",133
2,"2014-08-12",231
2,"2014-08-13",165
2,"2014-08-14",274
2,"2014-08-15",38
2,"2014-08-16",8
2,"2014-08-17",26
2,"2014-08-18",213
2,"2014-08-19",297
2,"2014-08-20",404
2,"2014-08-21",315
2,"2014-08-22",347
2,"2014-08-23",83
2,"2014-08-24",32
2,"2014-08-25",241
2,"2014-08-26",242
2,"2014-08-27",250
2,"2014-08-28",240
2,"2014-08-29",230
2,"2014-08-30",90
2,"2014-08-31",34
2,"2014-09-01",138
2,"2014-09-02",254
2,"2014-09-03",170
2,"2014-09-04",234
2,"2014-09-05",232
2,"2014-09-06",70
2,"2014-09-07",27
2,"2014-09-08",173
2,"2014-09-09",271
2,"2014-09-10",172
2,"2014-09-11",284
2,"2014-09-12",213
2,"2014-09-13",83
2,"2014-09-14",16
2,"2014-09-15",237
2,"2014-09-16",263
2,"2014-09-17",266
2,"2014-09-18",311
2,"2014-09-19",304
2,"2014-09-20",98
2,"2014-09-21",42
2,"2014-09-22",273
2,"2014-09-23",317
2,"2014-09-24",331
2,"2014-09-25",411
2,"2014-09-26",316
2,"2014-09-27",134
2,"2014-09-28",31
2,"2014-09-29",270
2,"2014-09-30",405
2,"2014-10-01",339
2,"2014-10-02",407
2,"2014-10-03",390
2,"2014-10-04",122
2,"2014-10-05",49
2,"2014-10-06",258
2,"2014-10-07",355
2,"2014-10-08",342
2,"2014-10-09",448
2,"2014-10-10",427
2,"2014-10-11",153
2,"2014-10-12",54
2,"2014-10-13",344
2,"2014-10-14",462
2,"2014-10-15",401
2,"2014-10-16",432
2,"2014-10-17",418
2,"2014-10-18",126
2,"2014-10-19",42
2,"2014-10-20",354
2,"2014-10-21",372
2,"2014-10-22",342
2,"2014-10-23",362
2,"2014-10-24",388
2,"2014-10-25",117
2,"2014-10-26",70
2,"2014-10-27",270
2,"2014-10-28",383
2,"2014-10-29",329
2,"2014-10-30",472
2,"2014-10-31",438
2,"2014-11-01",105
2,"2014-11-02",20
2,"2014-11-03",298
2,"2014-11-04",453
2,"2014-11-05",255
2,"2014-11-06",389
2,"2014-11-07",316
2,"2014-11-08",111
2,"2014-11-09",52
2,"2014-11-10",325
2,"2014-11-11",342
2,"2014-11-12",383
2,"2014-11-13",460
2,"2014-11-14",445
2,"2014-11-15",140
2,"2014-11-16",78
2,"2014-11-17",336
2,"2014-11-18",378
2,"2014-11-19",384
2,"2014-11-20",470
2,"2014-11-21",352
2,"2014-11-22",92
2,"2014-11-23",62
2,"2014-11-24",386
2,"2014-11-25",440
2,"2014-11-26",334
2,"2014-11-27",548
2,"2014-11-28",446
2,"2014-11-29",208
2,"2014-11-30",109
2,"2014-12-01",396
2,"2014-12-02",458
2,"2014-12-03",397
2,"2014-12-04",445
2,"2014-12-05",434
2,"2014-12-06",196
2,"2014-12-07",51
2,"2014-12-08",15
2,"2014-12-09",270
2,"2014-12-10",409
2,"2014-12-11",385
2,"2014-12-12",331
2,"2014-12-13",166
2,"2014-12-14",73
2,"2014-12-15",356
2,"2014-12-16",346
2,"2014-12-17",492
2,"2014-12-18",344
2,"2014-12-19",359
2,"2014-12-20",124
2,"2014-12-21",31
2,"2014-12-22",285
2,"2014-12-23",402
2,"2014-12-24",258
2,"2014-12-25",175
2,"2014-12-26",15
2,"2014-12-27",32
2,"2014-12-28",67
2,"2014-12-29",363
2,"2014-12-30",423
2,"2014-12-31",339
2,"2015-01-01",87
2,"2015-01-02",291
2,"2015-01-03",200
2,"2015-01-04",118
2,"2015-01-05",193
2,"2015-01-06",21
2,"2015-01-07",313
2,"2015-01-08",335
2,"2015-01-09",280
2,"2015-01-10",286
2,"2015-01-11",81
2,"2015-01-12",310
2,"2015-01-13",269
2,"2015-01-14",448
2,"2015-01-15",398
2,"2015-01-16",310
2,"2015-01-17",10
2,"2015-01-18",15
2,"2015-01-19",349
2,"2015-01-20",502
2,"2015-01-21",422
2,"2015-01-22",361
2,"2015-01-23",471
2,"2015-01-24",218
2,"2015-01-25",199
2,"2015-01-26",330
2,"2015-01-27",266
2,"2015-01-28",344
2,"2015-01-29",289
2,"2015-01-30",377
2,"2015-01-31",168
2,"2015-02-01",125
2,"2015-02-02",233
2,"2015-02-03",326
2,"2015-02-04",403
2,"2015-02-05",372
2,"2015-02-06",492
2,"2015-02-07",415
2,"2015-02-08",272
2,"2015-02-09",472
2,"2015-02-10",445
2,"2015-02-11",431
2,"2015-02-12",407
2,"2015-02-13",562
2,"2015-02-14",521
2,"2015-02-15",178
2,"2015-02-16",280
2,"2015-02-17",444
2,"2015-02-18",456
2,"2015-02-19",511
2,"2015-02-20",460
2,"2015-02-21",373
2,"2015-02-22",172
2,"2015-02-23",338
2,"2015-02-24",441
2,"2015-02-25",314
2,"2015-02-26",444
2,"2015-02-27",495
2,"2015-02-28",394
2,"2015-03-01",86
2,"2015-03-02",318
2,"2015-03-03",382
2,"2015-03-04",299
2,"2015-03-05",754
2,"2015-03-06",310
2,"2015-03-07",506
2,"2015-03-08",203
2,"2015-03-09",510
2,"2015-03-10",640
2,"2015-03-11",537
2,"2015-03-12",670
2,"2015-03-13",572
2,"2015-03-14",399
2,"2015-03-15",84
2,"2015-03-16",333
2,"2015-03-17",471
2,"2015-03-18",439
2,"2015-03-19",607
2,"2015-03-20",511
2,"2015-03-21",322
2,"2015-03-22",124
2,"2015-03-23",380
2,"2015-03-24",435
2,"2015-03-25",476
2,"2015-03-26",520
2,"2015-03-27",582
2,"2015-03-28",324
2,"2015-03-29",157
2,"2015-03-30",247
2,"2015-03-31",327
2,"2015-04-01",274
2,"2015-04-02",424
2,"2015-04-03",530
2,"2015-04-04",336
2,"2015-04-05",177
2,"2015-04-06",96
2,"2015-04-07",381
2,"2015-04-08",536
2,"2015-04-09",466
2,"2015-04-10",390
2,"2015-04-11",11
2,"2015-04-12",315
2,"2015-04-13",522
2,"2015-04-14",581
2,"2015-04-15",408
2,"2015-04-16",490
2,"2015-04-17",438
2,"2015-04-18",397
2,"2015-04-19",144
2,"2015-04-20",234
2,"2015-04-21",199
2,"2015-04-22",355
2,"2015-04-23",614
2,"2015-04-24",479
2,"2015-04-25",330
2,"2015-04-26",152
2,"2015-04-27",334
2,"2015-04-28",457
2,"2015-04-29",261
2,"2015-04-30",568
2,"2015-05-01",255
2,"2015-05-02",101
2,"2015-05-03",356
2,"2015-05-04",431
2,"2015-05-05",428
2,"2015-05-06",462
2,"2015-05-07",687
2,"2015-05-08",562
2,"2015-05-09",472
2,"2015-05-10",127
2,"2015-05-11",305
2,"2015-05-12",359
2,"2015-05-13",282
2,"2015-05-14",344
2,"2015-05-15",291
2,"2015-05-16",90
2,"2015-05-17",435
2,"2015-05-18",474
2,"2015-05-19",430
2,"2015-05-20",298
2,"2015-05-21",391
2,"2015-05-22",477
2,"2015-05-23",429
2,"2015-05-24",74
2,"2015-05-25",217
2,"2015-05-26",553
2,"2015-05-27",396
2,"2015-05-28",287
2,"2015-05-29",445
2,"2015-05-30",190
2,"2015-05-31",101
2,"2015-06-01",180
2,"2015-06-02",240
2,"2015-06-03",201
2,"2015-06-04",464
2,"2015-06-05",366
2,"2015-06-06",80
2,"2015-06-07",214
2,"2015-06-08",403
2,"2015-06-09",402
2,"2015-06-10",519
2,"2015-06-11",479
2,"2015-06-12",224
2,"2015-06-13",406
2,"2015-06-14",71
2,"2015-06-15",307
2,"2015-06-16",438
2,"2015-06-17",379
2,"2015-06-18",365
2,"2015-06-19",400
2,"2015-06-20",4
2,"2015-06-21",195
2,"2015-06-22",375
2,"2015-06-23",369
2,"2015-06-24",222
2,"2015-06-25",475
2,"2015-06-26",407
2,"2015-06-27",250
2,"2015-06-28",54
2,"2015-06-29",179
2,"2015-06-30",340
2,"2015-07-01",338
2,"2015-07-02",321
2,"2015-07-03",420
2,"2015-07-04",243
2,"2015-07-05",10
2,"2015-07-06",206
2,"2015-07-07",653
2,"2015-07-08",449
2,"2015-07-09",442
2,"2015-07-10",357
2,"2015-07-11",267
2,"2015-07-12",63
2,"2015-07-13",275
2,"2015-07-14",344
2,"2015-07-15",355
2,"2015-07-16",408
2,"2015-07-17",459
2,"2015-07-18",140
2,"2015-07-19",31
2,"2015-07-20",238
2,"2015-07-21",374
2,"2015-07-22",282
2,"2015-07-23",358
2,"2015-07-24",295
2,"2015-07-25",122
2,"2015-07-26",110
2,"2015-07-27",202
2,"2015-07-28",422
2,"2015-07-29",284
2,"2015-07-30",237
2,"2015-07-31",445
2,"2015-08-01",208
2,"2015-08-02",2
2,"2015-08-03",337
2,"2015-08-04",322
2,"2015-08-05",344
2,"2015-08-06",356
2,"2015-08-07",350
2,"2015-08-08",129
2,"2015-08-09",10
2,"2015-08-10",185
2,"2015-08-11",256
2,"2015-08-12",310
2,"2015-08-13",296
2,"2015-08-14",272
2,"2015-08-15",20
2,"2015-08-16",2
2,"2015-08-17",230
2,"2015-08-18",320
2,"2015-08-19",258
2,"2015-08-20",260
2,"2015-08-21",270
2,"2015-08-22",88
2,"2015-08-23",16
2,"2015-08-24",161
2,"2015-08-25",221
2,"2015-08-26",193
2,"2015-08-27",214
2,"2015-08-28",272
2,"2015-08-29",137
2,"2015-08-30",1
2,"2015-08-31",164
2,"2015-09-01",259
2,"2015-09-02",227
2,"2015-09-03",214
2,"2015-09-04",299
2,"2015-09-05",4
2,"2015-09-06",186
2,"2015-09-07",211
2,"2015-09-08",352
2,"2015-09-09",409
2,"2015-09-10",440
2,"2015-09-11",389
2,"2015-09-12",293
2,"2015-09-13",78
2,"2015-09-14",358
2,"2015-09-15",369
2,"2015-09-16",319
2,"2015-09-17",347
2,"2015-09-18",371
2,"2015-09-19",3
2,"2015-09-20",90
2,"2015-09-21",404
2,"2015-09-22",461
2,"2015-09-23",415
2,"2015-09-24",350
2,"2015-09-25",421
2,"2015-09-26",204
2,"2015-09-27",91
2,"2015-09-28",249
2,"2015-09-29",256
2,"2015-09-30",200
2,"2015-10-01",742
2,"2015-10-02",401
2,"2015-10-03",295
2,"2015-10-04",129
2,"2015-10-05",292
2,"2015-10-06",571
2,"2015-10-07",402
2,"2015-10-08",453
2,"2015-10-09",552
2,"2015-10-10",3
2,"2015-10-11",108
2,"2015-10-12",404
2,"2015-10-13",540
2,"2015-10-14",283
2,"2015-10-15",497
2,"2015-10-16",412
2,"2015-10-17",229
2,"2015-10-18",21
2,"2015-10-19",229
2,"2015-10-20",345
2,"2015-10-21",356
2,"2015-10-22",455
2,"2015-10-23",454
2,"2015-10-24",227
2,"2015-10-25",14
2,"2015-10-26",235
2,"2015-10-27",367
2,"2015-10-28",304
2,"2015-10-29",316
2,"2015-10-30",359
2,"2015-10-31",173
2,"2015-11-01",22
2,"2015-11-02",220
2,"2015-11-03",274
2,"2015-11-04",336
2,"2015-11-05",524
2,"2015-11-06",459
2,"2015-11-07",347
2,"2015-11-08",91
2,"2015-11-09",366
2,"2015-11-10",552
2,"2015-11-11",378
2,"2015-11-12",376
2,"2015-11-13",376
2,"2015-11-14",142
2,"2015-11-15",80
2,"2015-11-16",230
2,"2015-11-17",425
2,"2015-11-18",417
2,"2015-11-19",400
2,"2015-11-20",458
2,"2015-11-21",186
2,"2015-11-22",73
2,"2015-11-23",266
2,"2015-11-24",322
2,"2015-11-25",309
2,"2015-11-26",547
2,"2015-11-27",492
2,"2015-11-28",293
2,"2015-11-29",99
2,"2015-11-30",260
2,"2015-12-01",369
2,"2015-12-02",362
2,"2015-12-03",474
2,"2015-12-04",382
2,"2015-12-05",160
2,"2015-12-06",4
2,"2015-12-07",162
2,"2015-12-08",66
2,"2015-12-09",225
2,"2015-12-10",532
2,"2015-12-11",429
2,"2015-12-12",174
2,"2015-12-13",40
2,"2015-12-14",293
2,"2015-12-15",321
2,"2015-12-16",417
2,"2015-12-17",322
2,"2015-12-18",332
2,"2015-12-19",262
2,"2015-12-20",96
2,"2015-12-21",240
2,"2015-12-22",454
2,"2015-12-23",324
2,"2015-12-24",416
2,"2015-12-25",146
2,"2015-12-26",1
2,"2015-12-27",1
2,"2015-12-28",253
2,"2015-12-29",428
2,"2015-12-30",162
2,"2015-12-31",198
2,"2016-01-01",14
2,"2016-01-02",105
2,"2016-01-03",19
2,"2016-01-04",263
2,"2016-01-05",504
2,"2016-01-06",55
2,"2016-01-07",220
2,"2016-01-08",354
2,"2016-01-09",148
2,"2016-01-10",29
2,"2016-01-11",236
2,"2016-01-12",377
2,"2016-01-13",295
2,"2016-01-14",216
2,"2016-01-15",440
2,"2016-01-16",254
2,"2016-01-17",57
2,"2016-01-18",311
2,"2016-01-19",364
2,"2016-01-20",327
2,"2016-01-21",369
2,"2016-01-22",377
2,"2016-01-23",210
2,"2016-01-24",38
2,"2016-01-25",224
2,"2016-01-26",350
2,"2016-01-27",362
2,"2016-01-28",428
2,"2016-01-29",382
2,"2016-01-30",186
2,"2016-01-31",95
2,"2016-02-01",261
2,"2016-02-02",285
2,"2016-02-03",416
2,"2016-02-04",470
2,"2016-02-05",257
2,"2016-02-06",422
2,"2016-02-07",128
2,"2016-02-08",259
2,"2016-02-09",471
2,"2016-02-10",402
2,"2016-02-11",438
2,"2016-02-12",460
2,"2016-02-13",299
2,"2016-02-14",141
2,"2016-02-15",251
2,"2016-02-16",340
2,"2016-02-17",499
2,"2016-02-18",531
2,"2016-02-19",394
2,"2016-02-20",296
2,"2016-02-21",52
2,"2016-02-22",329
2,"2016-02-23",577
2,"2016-02-24",395
2,"2016-02-25",518
2,"2016-02-26",366
2,"2016-02-27",307
2,"2016-02-28",42
2,"2016-02-29",283
2,"2016-03-01",432
2,"2016-03-02",614
2,"2016-03-03",611
2,"2016-03-04",593
2,"2016-03-05",366
2,"2016-03-06",128
2,"2016-03-07",329
2,"2016-03-08",645
2,"2016-03-09",504
2,"2016-03-10",410
2,"2016-03-11",594
2,"2016-03-12",258
2,"2016-03-13",154
2,"2016-03-14",267
2,"2016-03-15",478
2,"2016-03-16",438
2,"2016-03-17",514
2,"2016-03-18",397
2,"2016-03-19",286
2,"2016-03-20",29
2,"2016-03-21",163
2,"2016-03-22",63
2,"2016-03-23",505
2,"2016-03-24",427
2,"2016-03-25",667
2,"2016-03-26",274
2,"2016-03-27",29
2,"2016-03-28",14
2,"2016-03-29",262
2,"2016-03-30",498
2,"2016-03-31",312
2,"2016-04-01",437
2,"2016-04-02",324
2,"2016-04-03",77
2,"2016-04-04",255
2,"2016-04-05",510
2,"2016-04-06",377
2,"2016-04-07",339
2,"2016-04-08",495
2,"2016-04-09",360
2,"2016-04-10",74
2,"2016-04-11",255
2,"2016-04-12",412
2,"2016-04-13",307
2,"2016-04-14",402
2,"2016-04-15",460
2,"2016-04-16",273
2,"2016-04-17",41
2,"2016-04-18",256
2,"2016-04-19",473
2,"2016-04-20",320
2,"2016-04-21",630
2,"2016-04-22",505
2,"2016-04-23",240
2,"2016-04-24",56
2,"2016-04-25",19
2,"2016-04-26",259
2,"2016-04-27",545
2,"2016-04-28",385
2,"2016-04-29",443
2,"2016-04-30",205
2,"2016-05-01",28
2,"2016-05-02",320
2,"2016-05-03",360
2,"2016-05-04",352
2,"2016-05-05",496
2,"2016-05-06",428
2,"2016-05-07",223
2,"2016-05-08",25
2,"2016-05-09",258
2,"2016-05-10",413
2,"2016-05-11",360
2,"2016-05-12",429
2,"2016-05-13",435
2,"2016-05-14",237
2,"2016-05-15",61
2,"2016-05-16",298
2,"2016-05-17",368
2,"2016-05-18",307
2,"2016-05-19",364
