"prod","sottoarea","data","vendite"
1,1,2016-05-10,3.19132254758526
1,1,2016-05-11,3.24080266840626
1,1,2016-05-12,3.66321932967648
1,1,2016-05-13,3.42108092227772
1,1,2016-05-14,0.852755311460445
1,1,2016-05-15,0.494432726545497
1,1,2016-05-16,3.42611584071302
1,1,2016-05-17,3.18462787577379
1,1,2016-05-18,2.97551986259357
1,1,2016-05-19,3.55324224445598
1,2,2016-05-10,5.72844770479107
1,2,2016-05-11,5.51191409458965
1,2,2016-05-12,5.75947940148716
1,2,2016-05-13,6.20129574859538
1,2,2016-05-14,1.65813204495658
1,2,2016-05-15,0.659851645134318
1,2,2016-05-16,6.25556413188678
1,2,2016-05-17,5.31144021486673
1,2,2016-05-18,4.95794096467873
1,2,2016-05-19,5.45711707209981
1,3,2016-05-10,1.77008927481704
1,3,2016-05-11,1.72672423924826
1,3,2016-05-12,1.82539964685622
1,3,2016-05-13,1.83343796980237
1,3,2016-05-14,0.237664427872201
1,3,2016-05-15,0.00797170082632753
1,3,2016-05-16,2.042992148736
1,3,2016-05-17,1.65630964474562
1,3,2016-05-18,1.57398425297034
1,3,2016-05-19,1.72840371475729
1,4,2016-05-10,6.42548250063251
1,4,2016-05-11,6.08780356051477
1,4,2016-05-12,7.31970056051415
1,4,2016-05-13,6.24263714861361
1,4,2016-05-14,1.2950736571927
1,4,2016-05-15,0.0678428481607415
1,4,2016-05-16,6.69830151777481
1,4,2016-05-17,5.90197295836187
1,4,2016-05-18,5.8754874094065
1,4,2016-05-19,6.91151343764293
1,5,2016-05-10,9.2927097960181
1,5,2016-05-11,9.35139122164906
1,5,2016-05-12,9.42478375595295
1,5,2016-05-13,9.75062330439161
1,5,2016-05-14,2.39311573896452
1,5,2016-05-15,0.841813956059194
1,5,2016-05-16,10.8118414414046
1,5,2016-05-17,8.95501756332314
1,5,2016-05-18,8.74233243037401
1,5,2016-05-19,8.64590267329205
1,6,2016-05-10,1.03454731688298
1,6,2016-05-11,1.11208041516387
1,6,2016-05-12,1.157745569306
1,6,2016-05-13,1.08740286684218
1,6,2016-05-14,0.164849261870237
1,6,2016-05-15,0
1,6,2016-05-16,1.1893128754086
1,6,2016-05-17,0.963648559282613
1,6,2016-05-18,1.0221977807406
1,6,2016-05-19,1.0776489917166
1,7,2016-05-10,3.0067587963328
1,7,2016-05-11,2.86365695390191
1,7,2016-05-12,3.10965843228118
1,7,2016-05-13,3.28629137836671
1,7,2016-05-14,0.745148945155182
1,7,2016-05-15,0.0244373538431516
1,7,2016-05-16,3.35616314895317
1,7,2016-05-17,2.90166219936772
1,7,2016-05-18,2.56119524154618
1,7,2016-05-19,2.82093204881112
1,8,2016-05-10,6.16368266710036
1,8,2016-05-11,6.587848317264
1,8,2016-05-12,6.16239665844701
1,8,2016-05-13,7.01627941890943
1,8,2016-05-14,1.5419877754004
1,8,2016-05-15,0.320958346524034
1,8,2016-05-16,7.07778021300496
1,8,2016-05-17,5.84134689800037
1,8,2016-05-18,5.97231811375154
1,8,2016-05-19,6.17841696316797
1,9,2016-05-10,5.10586949259295
1,9,2016-05-11,4.7404477443032
1,9,2016-05-12,5.39629522105997
1,9,2016-05-13,5.26317288401255
1,9,2016-05-14,1.07913429756653
1,9,2016-05-15,0.0542914222754106
1,9,2016-05-16,5.30367335668322
1,9,2016-05-17,4.84892594441074
1,9,2016-05-18,4.46474840809081
1,9,2016-05-19,5.17222417141657
1,10,2016-05-10,5.76093222961965
1,10,2016-05-11,5.75293900833462
1,10,2016-05-12,6.15337170879995
1,10,2016-05-13,6.53285163739534
1,10,2016-05-14,1.36919227291012
1,10,2016-05-15,0
1,10,2016-05-16,6.07297935065252
1,10,2016-05-17,5.53970709581398
1,10,2016-05-18,5.3068317334246
1,10,2016-05-19,5.91361571903417
1,11,2016-05-10,5.91086003949145
1,11,2016-05-11,6.05417307103755
1,11,2016-05-12,6.49817826862392
1,11,2016-05-13,6.07038469444207
1,11,2016-05-14,1.24109315172583
1,11,2016-05-15,0.257867151854907
1,11,2016-05-16,6.6015396999147
1,11,2016-05-17,5.54187216320687
1,11,2016-05-18,5.65253753564664
1,11,2016-05-19,6.15193804162827
1,12,2016-05-10,4.64138176208227
1,12,2016-05-11,4.5730829068691
1,12,2016-05-12,4.74167940624313
1,12,2016-05-13,4.14283740904855
1,12,2016-05-14,0.986562927549751
1,12,2016-05-15,0
1,12,2016-05-16,4.8333461547088
1,12,2016-05-17,4.39141301873837
1,12,2016-05-18,4.45466455077892
1,12,2016-05-19,4.42586084441664
1,13,2016-05-10,11.6275703866258
1,13,2016-05-11,11.886896152837
1,13,2016-05-12,13.1124625842981
1,13,2016-05-13,11.7832013235969
1,13,2016-05-14,1.81213468484761
1,13,2016-05-15,0.0342199286981006
1,13,2016-05-16,13.0771984812908
1,13,2016-05-17,10.7630071811216
1,13,2016-05-18,10.5680203106904
1,13,2016-05-19,12.3014853588998
1,14,2016-05-10,2.38385929950573
1,14,2016-05-11,2.70831672393233
1,14,2016-05-12,2.98302595862682
1,14,2016-05-13,2.9844425265044
1,14,2016-05-14,0.278885962601203
1,14,2016-05-15,0.057674624565358
1,14,2016-05-16,2.98535474595325
1,14,2016-05-17,2.29384682928678
1,14,2016-05-18,2.57413250108441
1,14,2016-05-19,2.73431832766095
1,15,2016-05-10,2.52412998211026
1,15,2016-05-11,2.63865124681707
1,15,2016-05-12,2.8389301768048
1,15,2016-05-13,2.73432334523778
1,15,2016-05-14,0.64714686448209
1,15,2016-05-15,0.179777218509888
1,15,2016-05-16,2.78104924374056
1,15,2016-05-17,2.39432931329241
1,15,2016-05-18,2.44748775527222
1,15,2016-05-19,2.55916690996564
1,16,2016-05-10,7.11945586375501
1,16,2016-05-11,7.54803883071991
1,16,2016-05-12,7.74747587483497
1,16,2016-05-13,8.07384934575377
1,16,2016-05-14,0.95055938864632
1,16,2016-05-15,0.0804396831712805
1,16,2016-05-16,8.03662337956523
1,16,2016-05-17,6.61472357061724
1,16,2016-05-18,6.73821805725908
1,16,2016-05-19,7.64759831067318
1,17,2016-05-10,1.13063503292524
1,17,2016-05-11,1.03420065885584
1,17,2016-05-12,1.16481402956429
1,17,2016-05-13,1.28566744954839
1,17,2016-05-14,0.241736052031831
1,17,2016-05-15,0.0772221542689071
1,17,2016-05-16,1.24631060376665
1,17,2016-05-17,1.06893392433764
1,17,2016-05-18,0.951289066349648
1,17,2016-05-19,1.09980984064386
1,18,2016-05-10,5.91139268892394
1,18,2016-05-11,6.35058539690875
1,18,2016-05-12,6.08126938297959
1,18,2016-05-13,6.89661869275877
1,18,2016-05-14,0.864298233484699
1,18,2016-05-15,0.134083547693967
1,18,2016-05-16,6.59970489729315
1,18,2016-05-17,5.57657347423351
1,18,2016-05-18,5.9374242479839
1,18,2016-05-19,5.59885731217916
1,19,2016-05-10,3.88437399224367
1,19,2016-05-11,4.41712826724371
1,19,2016-05-12,4.31730741220476
1,19,2016-05-13,3.81057517085991
1,19,2016-05-14,0.920157207532592
1,19,2016-05-15,0.31065488561778
1,19,2016-05-16,4.09234703387195
1,19,2016-05-17,3.72625586374475
1,19,2016-05-18,3.57843503172973
1,19,2016-05-19,3.9961691278394
1,20,2016-05-10,0.0214850078124167
1,20,2016-05-11,0.0144167435797392
1,20,2016-05-12,0.0020143926352584
1,20,2016-05-13,0.00515014259254688
1,20,2016-05-14,0
1,20,2016-05-15,0.000477907153019093
1,20,2016-05-16,0.00338194887142552
1,20,2016-05-17,0.0268841683177033
1,20,2016-05-18,0.00535359122187189
1,20,2016-05-19,0.00216299260178136
1,21,2016-05-10,6.26173091866703
1,21,2016-05-11,5.97317692816578
1,21,2016-05-12,6.20457584707361
1,21,2016-05-13,6.73465146151735
1,21,2016-05-14,1.33402148867474
1,21,2016-05-15,0.168369284600948
1,21,2016-05-16,6.76384281802188
1,21,2016-05-17,5.87507014160407
1,21,2016-05-18,5.67790614815709
1,21,2016-05-19,5.80210549384241
1,22,2016-05-10,5.42576285203161
1,22,2016-05-11,5.52703244332054
1,22,2016-05-12,6.05571373082548
1,22,2016-05-13,5.23133927757085
1,22,2016-05-14,1.04877136065106
1,22,2016-05-15,0.144766194606986
1,22,2016-05-16,5.91075226958074
1,22,2016-05-17,4.91531192135118
1,22,2016-05-18,5.19243825998557
1,22,2016-05-19,5.8416890427536
1,23,2016-05-10,6.93873765437217
1,23,2016-05-11,7.03299383851311
1,23,2016-05-12,6.99880343709037
1,23,2016-05-13,7.34829088117417
1,23,2016-05-14,1.70527344158567
1,23,2016-05-15,0.261938541905278
1,23,2016-05-16,8.14995995893882
1,23,2016-05-17,6.81993922431704
1,23,2016-05-18,6.55702180925719
1,23,2016-05-19,6.96228495625476
1,24,2016-05-10,7.60812216433426
1,24,2016-05-11,9.12115432470407
1,24,2016-05-12,8.29329521353666
1,24,2016-05-13,8.7494944062905
1,24,2016-05-14,2.24119437141469
1,24,2016-05-15,0.24425315741435
1,24,2016-05-16,8.88890246293984
1,24,2016-05-17,7.15354344671027
1,24,2016-05-18,8.26701398191262
1,24,2016-05-19,8.13278530714901
1,25,2016-05-10,7.04550579608724
1,25,2016-05-11,7.08841198050396
1,25,2016-05-12,7.10657639284154
1,25,2016-05-13,6.98113854111551
1,25,2016-05-14,1.55668389776213
1,25,2016-05-15,0
1,25,2016-05-16,6.87947452702363
1,25,2016-05-17,6.44686238964885
1,25,2016-05-18,6.63372130526176
1,25,2016-05-19,6.73053049018891
1,26,2016-05-10,7.6285426880419
1,26,2016-05-11,6.88270169758063
1,26,2016-05-12,7.69168956721776
1,26,2016-05-13,7.83158506364028
1,26,2016-05-14,2.20082451772233
1,26,2016-05-15,0.573613033519858
1,26,2016-05-16,7.50239097012116
1,26,2016-05-17,7.15799209011013
1,26,2016-05-18,6.61582756205187
1,26,2016-05-19,7.38737088757617
1,27,2016-05-10,6.27053675492967
1,27,2016-05-11,5.97581918752717
1,27,2016-05-12,6.03821673729597
1,27,2016-05-13,6.49909307712859
1,27,2016-05-14,1.28189739041473
1,27,2016-05-15,0.457447806272223
1,27,2016-05-16,6.39636094332387
1,27,2016-05-17,5.93640234698422
1,27,2016-05-18,5.64969514717419
1,27,2016-05-19,5.8134336692926
1,28,2016-05-10,11.2670123122325
1,28,2016-05-11,11.5543282468912
1,28,2016-05-12,12.2563376764256
1,28,2016-05-13,12.3109772435185
1,28,2016-05-14,1.99429391649666
1,28,2016-05-15,0.158893813658995
1,28,2016-05-16,13.3399387318062
1,28,2016-05-17,10.4944968151303
1,28,2016-05-18,10.4695031966927
1,28,2016-05-19,11.7121377961881
1,29,2016-05-10,11.5084331240068
1,29,2016-05-11,11.24467374244
1,29,2016-05-12,12.2402405025887
1,29,2016-05-13,12.1643393214862
1,29,2016-05-14,2.15925389240051
1,29,2016-05-15,0.129690849615731
1,29,2016-05-16,12.8909267817447
1,29,2016-05-17,10.9981851043073
1,29,2016-05-18,10.4784622507091
1,29,2016-05-19,11.8679808637307
1,30,2016-05-10,5.38028326231196
1,30,2016-05-11,5.41771922550324
1,30,2016-05-12,6.0728482202963
1,30,2016-05-13,6.78128072584019
1,30,2016-05-14,2.47973081535737
1,30,2016-05-15,0.641374064235045
1,30,2016-05-16,6.11685740285794
1,30,2016-05-17,5.37686464960214
1,30,2016-05-18,5.27634195182322
1,30,2016-05-19,5.85895086637451
1,31,2016-05-10,7.69543708439575
1,31,2016-05-11,8.08254600995835
1,31,2016-05-12,9.54982078011659
1,31,2016-05-13,10.2992127688508
1,31,2016-05-14,2.99434263590292
1,31,2016-05-15,1.00534579881317
1,31,2016-05-16,8.96769264581348
1,31,2016-05-17,7.71927160614654
1,31,2016-05-18,7.79367422600563
1,31,2016-05-19,9.26589376757998
1,32,2016-05-10,0.504482258195759
1,32,2016-05-11,0.420448721917517
1,32,2016-05-12,0.466817415265882
1,32,2016-05-13,0.664496092063852
1,32,2016-05-14,0.0407780177450247
1,32,2016-05-15,0.0606776496718455
1,32,2016-05-16,0.515588918783114
1,32,2016-05-17,0.386707337707398
1,32,2016-05-18,0.347214260853983
1,32,2016-05-19,0.477977246344183
1,33,2016-05-10,1.81041770936154
1,33,2016-05-11,1.69562016458638
1,33,2016-05-12,2.23872422994139
1,33,2016-05-13,2.20388623720869
1,33,2016-05-14,0.725842688681198
1,33,2016-05-15,0.0868725722559946
1,33,2016-05-16,2.15235414663451
1,33,2016-05-17,1.80559116821376
1,33,2016-05-18,1.66344059366162
1,33,2016-05-19,2.19221877673276
1,34,2016-05-10,3.25572405556664
1,34,2016-05-11,3.22910254819499
1,34,2016-05-12,3.62043136979757
1,34,2016-05-13,3.85121468933172
1,34,2016-05-14,1.03664248832621
1,34,2016-05-15,0.143588289482797
1,34,2016-05-16,3.46798906335972
1,34,2016-05-17,3.11042302480642
1,34,2016-05-18,2.92369005224339
1,34,2016-05-19,3.55676903508373
1,35,2016-05-10,7.81197835250392
1,35,2016-05-11,8.23507461946424
1,35,2016-05-12,9.30957284583351
1,35,2016-05-13,9.8371385332892
1,35,2016-05-14,3.29553736229032
1,35,2016-05-15,0.853125109009501
1,35,2016-05-16,8.87059404228778
1,35,2016-05-17,7.7380620623536
1,35,2016-05-18,7.76630737822497
1,35,2016-05-19,8.9643958142799
1,36,2016-05-10,5.38707527192547
1,36,2016-05-11,6.31865210781111
1,36,2016-05-12,5.9034784890236
1,36,2016-05-13,5.84952627627922
1,36,2016-05-14,2.03269404163655
1,36,2016-05-15,0.208699448319667
1,36,2016-05-16,5.69769092228696
1,36,2016-05-17,5.07012066107676
1,36,2016-05-18,5.96388927081551
1,36,2016-05-19,5.5946183206637
1,37,2016-05-10,14.7205347959058
1,37,2016-05-11,15.1448916670574
1,37,2016-05-12,15.9051581187496
1,37,2016-05-13,15.8499569980248
1,37,2016-05-14,4.19872971794603
1,37,2016-05-15,0.73834233879016
1,37,2016-05-16,15.5644746986936
1,37,2016-05-17,13.5968558939039
1,37,2016-05-18,13.7971437458006
1,37,2016-05-19,15.6049731547956
1,38,2016-05-10,3.70956312090501
1,38,2016-05-11,3.69482734620648
1,38,2016-05-12,3.81975188716381
1,38,2016-05-13,3.97565785536908
1,38,2016-05-14,1.02133576728554
1,38,2016-05-15,0.0883467869501912
1,38,2016-05-16,3.88584262760219
1,38,2016-05-17,3.73796866955189
1,38,2016-05-18,3.58008926612508
1,38,2016-05-19,3.77934324671615
1,39,2016-05-10,7.02172224007968
1,39,2016-05-11,6.98264842414684
1,39,2016-05-12,7.05438379731949
1,39,2016-05-13,7.27417672732606
1,39,2016-05-14,2.06872295155308
1,39,2016-05-15,0.363412124643026
1,39,2016-05-16,7.38383941629165
1,39,2016-05-17,6.62629331289463
1,39,2016-05-18,6.57996166318167
1,39,2016-05-19,7.45173679565444
1,40,2016-05-10,8.73090600119305
1,40,2016-05-11,8.54384608323923
1,40,2016-05-12,8.78098073764495
1,40,2016-05-13,8.89261042461279
1,40,2016-05-14,3.06966273015464
1,40,2016-05-15,0.26029785838939
1,40,2016-05-16,8.45516500129546
1,40,2016-05-17,8.25640555849821
1,40,2016-05-18,8.09577701935112
1,40,2016-05-19,8.3413054819614
1,41,2016-05-10,5.84699337523021
1,41,2016-05-11,5.72591384823464
1,41,2016-05-12,6.32229520321505
1,41,2016-05-13,6.36812857523522
1,41,2016-05-14,1.41907356629625
1,41,2016-05-15,0.139642473842045
1,41,2016-05-16,6.48810025642662
1,41,2016-05-17,5.60048596170104
1,41,2016-05-18,5.29773991887504
1,41,2016-05-19,6.00886209157408
1,42,2016-05-10,8.8575513536927
1,42,2016-05-11,8.32843209677016
1,42,2016-05-12,9.74923457299996
1,42,2016-05-13,9.58345430896342
1,42,2016-05-14,2.00279346307076
1,42,2016-05-15,0.0653262320058506
1,42,2016-05-16,9.89575342153539
1,42,2016-05-17,8.49518705772173
1,42,2016-05-18,8.23124285435374
1,42,2016-05-19,8.83067303723259
1,43,2016-05-10,11.730475025507
1,43,2016-05-11,11.6742813833022
1,43,2016-05-12,12.3363737697019
1,43,2016-05-13,12.021300629639
1,43,2016-05-14,2.2632243760197
1,43,2016-05-15,0.389581703095029
1,43,2016-05-16,12.4626800351794
1,43,2016-05-17,11.1980770995126
1,43,2016-05-18,10.9455383721915
1,43,2016-05-19,11.8820861870715
1,44,2016-05-10,6.05727940428757
1,44,2016-05-11,6.25907515494521
1,44,2016-05-12,6.59138833355746
1,44,2016-05-13,5.85484735289005
1,44,2016-05-14,1.32684456739736
1,44,2016-05-15,0.425650608820104
1,44,2016-05-16,6.22129222248051
1,44,2016-05-17,5.57026107980357
1,44,2016-05-18,5.82112696669867
1,44,2016-05-19,6.21622528655246
1,45,2016-05-10,6.34245976858708
1,45,2016-05-11,5.91691271100058
1,45,2016-05-12,6.58338769902828
1,45,2016-05-13,6.261637832888
1,45,2016-05-14,1.11863720178815
1,45,2016-05-15,0
1,45,2016-05-16,6.74364637953189
1,45,2016-05-17,6.06004434483497
1,45,2016-05-18,5.58590487299506
1,45,2016-05-19,6.35527916431673
1,46,2016-05-10,8.63185483021593
1,46,2016-05-11,7.89312913656898
1,46,2016-05-12,9.05822544692107
1,46,2016-05-13,8.40532983053765
1,46,2016-05-14,1.69634798611238
1,46,2016-05-15,0.446871173221515
1,46,2016-05-16,9.65626800289266
1,46,2016-05-17,8.38478479386468
1,46,2016-05-18,7.47569424734696
1,46,2016-05-19,8.64894093864794
1,47,2016-05-10,4.28548633499233
1,47,2016-05-11,4.16662018997533
1,47,2016-05-12,4.15382896966867
1,47,2016-05-13,4.53860017933152
1,47,2016-05-14,0.897449738701602
1,47,2016-05-15,0.0422845465442101
1,47,2016-05-16,4.47572324189773
1,47,2016-05-17,4.06685554494539
1,47,2016-05-18,3.85586034545798
1,47,2016-05-19,4.03789291989496
1,48,2016-05-10,1.63787876780002
1,48,2016-05-11,1.48830613074719
1,48,2016-05-12,1.84890107501199
1,48,2016-05-13,1.923227715441
1,48,2016-05-14,0.269041171202695
1,48,2016-05-15,0
1,48,2016-05-16,1.6321397649389
1,48,2016-05-17,1.53803343783566
1,48,2016-05-18,1.33515270477529
1,48,2016-05-19,1.69210254939681
1,49,2016-05-10,2.84891168752885
1,49,2016-05-11,2.95659389754846
1,49,2016-05-12,2.69321820885029
1,49,2016-05-13,2.42227247604335
1,49,2016-05-14,0.0980657320528207
1,49,2016-05-15,0
1,49,2016-05-16,2.6606315750888
1,49,2016-05-17,2.65652873129263
1,49,2016-05-18,3.01370779479487
1,49,2016-05-19,2.61069608495643
1,50,2016-05-10,10.7275260015156
1,50,2016-05-11,10.3909966974069
1,50,2016-05-12,11.1028069738882
1,50,2016-05-13,11.6600503514108
1,50,2016-05-14,2.49531468392432
1,50,2016-05-15,0.337167864060038
1,50,2016-05-16,11.4348618120535
1,50,2016-05-17,9.9612488713301
1,50,2016-05-18,9.91211836553824
1,50,2016-05-19,10.940267946362
1,52,2016-05-10,7.12192963431403
1,52,2016-05-11,7.81231637998313
1,52,2016-05-12,7.589369303524
1,52,2016-05-13,7.55208934766955
1,52,2016-05-14,1.1456561734994
1,52,2016-05-15,0.178950020501381
1,52,2016-05-16,7.88747094743452
1,52,2016-05-17,6.54185746925105
1,52,2016-05-18,7.07363512748271
1,52,2016-05-19,7.31380857677052
1,53,2016-05-10,6.13316412594948
1,53,2016-05-11,7.19086249168554
1,53,2016-05-12,6.88242450884016
1,53,2016-05-13,6.50041497471736
1,53,2016-05-14,0.854962301285197
1,53,2016-05-15,0.0298388326150452
1,53,2016-05-16,6.74350025489177
1,53,2016-05-17,5.62442966376309
1,53,2016-05-18,6.55851812835202
1,53,2016-05-19,6.71571809989425
1,54,2016-05-10,4.94178959174639
1,54,2016-05-11,4.9887479255125
1,54,2016-05-12,4.84834477539614
1,54,2016-05-13,4.85601951817353
1,54,2016-05-14,0.946483434779481
1,54,2016-05-15,0
1,54,2016-05-16,5.02488291858395
1,54,2016-05-17,4.57551972253643
1,54,2016-05-18,4.65297689750244
1,54,2016-05-19,4.55191327370496
1,55,2016-05-10,7.56246250167344
1,55,2016-05-11,7.15203006125971
1,55,2016-05-12,7.869217797381
1,55,2016-05-13,7.61118031275047
1,55,2016-05-14,1.71832842131653
1,55,2016-05-15,0.143839137080341
1,55,2016-05-16,7.45636113931477
1,55,2016-05-17,6.94782532435341
1,55,2016-05-18,6.5827308542165
1,55,2016-05-19,7.33117217363182
1,56,2016-05-10,0.475512441659996
1,56,2016-05-11,0.393812195848447
1,56,2016-05-12,0.570877092560035
1,56,2016-05-13,0.59803716449645
1,56,2016-05-14,0
1,56,2016-05-15,0
1,56,2016-05-16,0.543859015382403
1,56,2016-05-17,0.382307980744
1,56,2016-05-18,0.328891516046482
1,56,2016-05-19,0.479484923650499
1,57,2016-05-10,10.9362942161453
1,57,2016-05-11,10.2590706090978
1,57,2016-05-12,10.8391831554024
1,57,2016-05-13,11.1180920390065
1,57,2016-05-14,2.29207635773828
1,57,2016-05-15,0.3577389217804
1,57,2016-05-16,10.7831904667942
1,57,2016-05-17,10.231123623034
1,57,2016-05-18,9.35946503294388
1,57,2016-05-19,10.3685702982792
1,58,2016-05-10,8.43820078676097
1,58,2016-05-11,7.94886343842244
1,58,2016-05-12,8.28661555172716
1,58,2016-05-13,8.70950911773517
1,58,2016-05-14,2.23723916995184
1,58,2016-05-15,0.462563687919425
1,58,2016-05-16,8.79826774801734
1,58,2016-05-17,7.66852649990538
1,58,2016-05-18,7.31542308929425
1,58,2016-05-19,8.02887292393568
1,59,2016-05-10,3.01246034928913
1,59,2016-05-11,2.77181549115363
1,59,2016-05-12,2.65921702695181
1,59,2016-05-13,2.73171467706542
1,59,2016-05-14,0.734309360131709
1,59,2016-05-15,0
1,59,2016-05-16,2.72026052219634
1,59,2016-05-17,2.88071615579616
1,59,2016-05-18,2.55609691486298
1,59,2016-05-19,2.63451020439893
1,60,2016-05-10,15.9601025741285
1,60,2016-05-11,15.5392320558501
1,60,2016-05-12,15.2177275351441
1,60,2016-05-13,15.3644747166794
1,60,2016-05-14,4.81574984441177
1,60,2016-05-15,1.52679857815107
1,60,2016-05-16,16.3488287807304
1,60,2016-05-17,14.6498502099841
1,60,2016-05-18,14.2951836771385
1,60,2016-05-19,14.8134667176407
1,61,2016-05-10,13.8835535365202
1,61,2016-05-11,13.001754821314
1,61,2016-05-12,14.5818062484512
1,61,2016-05-13,11.9063314349796
1,61,2016-05-14,2.9063784390174
1,61,2016-05-15,0.531446309101155
1,61,2016-05-16,14.7590696755912
1,61,2016-05-17,12.8042635591462
1,61,2016-05-18,12.1879544952816
1,61,2016-05-19,13.4814858243762
1,62,2016-05-10,8.56756193041064
1,62,2016-05-11,8.12755067895096
1,62,2016-05-12,8.75343580104858
1,62,2016-05-13,7.65246047536473
1,62,2016-05-14,2.10032938271253
1,62,2016-05-15,0.766870653091454
1,62,2016-05-16,8.98885137990839
1,62,2016-05-17,7.90180608990023
1,62,2016-05-18,7.43828364514977
1,62,2016-05-19,8.35780551266102
1,63,2016-05-10,3.71193067696099
1,63,2016-05-11,3.28870076967946
1,63,2016-05-12,3.31584528093345
1,63,2016-05-13,3.12326886231343
1,63,2016-05-14,0.613976192084749
1,63,2016-05-15,0.0259141804830236
1,63,2016-05-16,3.58726946561085
1,63,2016-05-17,3.20553130112433
1,63,2016-05-18,3.23043737733149
1,63,2016-05-19,3.17879361633731
1,64,2016-05-10,10.263090326669
1,64,2016-05-11,9.46747959527454
1,64,2016-05-12,10.5894967301874
1,64,2016-05-13,11.2077319642446
1,64,2016-05-14,2.99637599544371
1,64,2016-05-15,0.665162552416621
1,64,2016-05-16,9.90259120790872
1,64,2016-05-17,9.82669332566459
1,64,2016-05-18,8.86047934116577
1,64,2016-05-19,10.3629870792864
1,65,2016-05-10,1.09532977415972
1,65,2016-05-11,1.02919378781695
1,65,2016-05-12,1.05649395014659
1,65,2016-05-13,1.17090081542634
1,65,2016-05-14,0.0372483210193186
1,65,2016-05-15,0
1,65,2016-05-16,1.08761891369406
1,65,2016-05-17,1.05132943076699
1,65,2016-05-18,0.986533243328395
1,65,2016-05-19,1.01944771656517
1,66,2016-05-10,4.68172083082976
1,66,2016-05-11,5.17102462605617
1,66,2016-05-12,5.2552774964828
1,66,2016-05-13,5.26943032471952
1,66,2016-05-14,1.04406911496081
1,66,2016-05-15,0
1,66,2016-05-16,5.77762374627128
1,66,2016-05-17,4.6138648593255
1,66,2016-05-18,5.03378786451794
1,66,2016-05-19,5.03151245131852
1,67,2016-05-10,7.30544771408664
1,67,2016-05-11,7.14836563486154
1,67,2016-05-12,7.70381692945458
1,67,2016-05-13,7.67258211871642
1,67,2016-05-14,1.45731927256912
1,67,2016-05-15,0.134171039036591
1,67,2016-05-16,7.72468533052789
1,67,2016-05-17,7.01336979350891
1,67,2016-05-18,6.73422953934253
1,67,2016-05-19,7.36114094553529
1,68,2016-05-10,4.1491536819409
1,68,2016-05-11,3.97166621098654
1,68,2016-05-12,4.4954929627064
1,68,2016-05-13,4.56905441978844
1,68,2016-05-14,1.15677526911586
1,68,2016-05-15,0.156834712909932
1,68,2016-05-16,4.72232818411586
1,68,2016-05-17,4.17069175995109
1,68,2016-05-18,3.84207141677265
1,68,2016-05-19,4.27312803709831
1,69,2016-05-10,4.29934633809981
1,69,2016-05-11,4.30363215821269
1,69,2016-05-12,4.52115028257221
1,69,2016-05-13,4.7186786011593
1,69,2016-05-14,1.20676490211621
1,69,2016-05-15,0.128462846097995
1,69,2016-05-16,4.99432678506073
1,69,2016-05-17,4.08790594697138
1,69,2016-05-18,3.94459732690227
1,69,2016-05-19,4.36750617973582
1,70,2016-05-10,5.41873042702185
1,70,2016-05-11,5.46893365835709
1,70,2016-05-12,5.13491059460578
1,70,2016-05-13,4.73297284313292
1,70,2016-05-14,0.518745572306269
1,70,2016-05-15,0
1,70,2016-05-16,5.3768634722538
1,70,2016-05-17,4.97142459971866
1,70,2016-05-18,5.01480887706417
1,70,2016-05-19,4.76432894254422
1,71,2016-05-10,3.44711870459086
1,71,2016-05-11,3.09568570730079
1,71,2016-05-12,3.15876854491352
1,71,2016-05-13,2.95179870383224
1,71,2016-05-14,0.498136369098515
1,71,2016-05-15,0.217476984781806
1,71,2016-05-16,3.67494373904643
1,71,2016-05-17,3.09659371240896
1,71,2016-05-18,3.11991935318481
1,71,2016-05-19,3.23679650919623
1,72,2016-05-10,2.44694763696256
1,72,2016-05-11,2.68027155183265
1,72,2016-05-12,2.67922119303714
1,72,2016-05-13,2.66578717859358
1,72,2016-05-14,0.14430996137052
1,72,2016-05-15,0
1,72,2016-05-16,2.85906963366539
1,72,2016-05-17,2.37132766172297
1,72,2016-05-18,2.50785279088182
1,72,2016-05-19,2.62382537297278
1,73,2016-05-10,4.83093554479817
1,73,2016-05-11,5.66505755972404
1,73,2016-05-12,5.24141126201828
1,73,2016-05-13,4.95032298665343
1,73,2016-05-14,0.361301745892083
1,73,2016-05-15,0
1,73,2016-05-16,6.2597506898281
1,73,2016-05-17,4.34243906660938
1,73,2016-05-18,5.19079450892236
1,73,2016-05-19,4.96519105283929
1,74,2016-05-10,6.91731997903243
1,74,2016-05-11,8.00763555679801
1,74,2016-05-12,7.37846101348832
1,74,2016-05-13,7.62669890895436
1,74,2016-05-14,1.1648906721243
1,74,2016-05-15,0.0382144364158424
1,74,2016-05-16,8.39450693807397
1,74,2016-05-17,6.13651424795766
1,74,2016-05-18,7.65576880740597
1,74,2016-05-19,7.16042555032765
1,75,2016-05-10,5.9635935099451
1,75,2016-05-11,5.96474253271023
1,75,2016-05-12,6.55818801852011
1,75,2016-05-13,6.63758195823053
1,75,2016-05-14,0.86056587428773
1,75,2016-05-15,0.0456434345286129
1,75,2016-05-16,6.84208208878211
1,75,2016-05-17,5.68959173147863
1,75,2016-05-18,5.50669625474407
1,75,2016-05-19,6.25707367604367
1,76,2016-05-10,9.0627405627656
1,76,2016-05-11,8.19545926151075
1,76,2016-05-12,8.77536490511701
1,76,2016-05-13,8.84411759932819
1,76,2016-05-14,1.08505253685418
1,76,2016-05-15,0
1,76,2016-05-16,9.72280998079538
1,76,2016-05-17,8.3362760814132
1,76,2016-05-18,7.69686875131715
1,76,2016-05-19,8.42718673216729
1,77,2016-05-10,8.46098454560311
1,77,2016-05-11,8.8873944871212
1,77,2016-05-12,9.03665637430622
1,77,2016-05-13,8.15130025126249
1,77,2016-05-14,1.06464030834461
1,77,2016-05-15,0
1,77,2016-05-16,9.44918060131803
1,77,2016-05-17,8.0026273389555
1,77,2016-05-18,8.2414210374145
1,77,2016-05-19,8.63202060016694
1,78,2016-05-10,0.787497701656299
1,78,2016-05-11,0.885572920050772
1,78,2016-05-12,0.629092449437511
1,78,2016-05-13,0.894766529684392
1,78,2016-05-14,0
1,78,2016-05-15,0
1,78,2016-05-16,0.775800341571514
1,78,2016-05-17,0.76080707259286
1,78,2016-05-18,0.914188705214681
1,78,2016-05-19,0.700014205951029
1,79,2016-05-10,3.21289939459002
1,79,2016-05-11,3.59087876534751
1,79,2016-05-12,3.11274236104331
1,79,2016-05-13,2.87233082767909
1,79,2016-05-14,0.209249292965664
1,79,2016-05-15,0
1,79,2016-05-16,3.58024874370725
1,79,2016-05-17,2.78589718227314
1,79,2016-05-18,3.17874437948336
1,79,2016-05-19,2.96809473268099
1,80,2016-05-10,6.34172280601816
1,80,2016-05-11,6.78459375759341
1,80,2016-05-12,6.8078217878014
1,80,2016-05-13,6.59988721813329
1,80,2016-05-14,1.74756487878864
1,80,2016-05-15,0.231980252207215
1,80,2016-05-16,7.2793129425109
1,80,2016-05-17,6.18836241375811
1,80,2016-05-18,6.64797491142682
1,80,2016-05-19,6.83241336531978
1,81,2016-05-10,5.11314699993259
1,81,2016-05-11,5.1526026948023
1,81,2016-05-12,4.98877610116984
1,81,2016-05-13,4.89356301145612
1,81,2016-05-14,1.01948231263078
1,81,2016-05-15,0.0977718050165955
1,81,2016-05-16,4.97690623844535
1,81,2016-05-17,4.80736658448042
1,81,2016-05-18,4.76885285979632
1,81,2016-05-19,4.81251888749106
1,82,2016-05-10,2.67347992856243
1,82,2016-05-11,2.8053201794471
1,82,2016-05-12,2.94631471678085
1,82,2016-05-13,2.93363157950086
1,82,2016-05-14,0.547865336693305
1,82,2016-05-15,0.00885962791902081
1,82,2016-05-16,2.95462667913762
1,82,2016-05-17,2.53182552929527
1,82,2016-05-18,2.60667987151315
1,82,2016-05-19,2.75936211713304
1,83,2016-05-10,5.4507831793297
1,83,2016-05-11,5.69396930156171
1,83,2016-05-12,6.40051864214039
1,83,2016-05-13,6.31487714324891
1,83,2016-05-14,0.919941061248553
1,83,2016-05-15,0
1,83,2016-05-16,6.35351434207038
1,83,2016-05-17,5.29134573490302
1,83,2016-05-18,5.35691257205564
1,83,2016-05-19,6.0649275308521
1,84,2016-05-10,8.22357517068494
1,84,2016-05-11,8.86158621316313
1,84,2016-05-12,8.35517288176139
1,84,2016-05-13,8.35017876803049
1,84,2016-05-14,1.49038018346448
1,84,2016-05-15,0
1,84,2016-05-16,8.44205598960552
1,84,2016-05-17,7.90916158854147
1,84,2016-05-18,8.24571723864912
1,84,2016-05-19,8.17680575636386
1,85,2016-05-10,2.88259207243534
1,85,2016-05-11,2.9390299107333
1,85,2016-05-12,2.59054469918773
1,85,2016-05-13,2.59511436589335
1,85,2016-05-14,0.504570717334905
1,85,2016-05-15,0
1,85,2016-05-16,2.88366431600414
1,85,2016-05-17,2.65860515351589
1,85,2016-05-18,2.54187574064184
1,85,2016-05-19,2.41870430320639
1,86,2016-05-10,8.1946810416325
1,86,2016-05-11,8.17584130047539
1,86,2016-05-12,8.03182484111701
1,86,2016-05-13,8.32369246862027
1,86,2016-05-14,1.67959866977585
1,86,2016-05-15,0
1,86,2016-05-16,8.59362315883418
1,86,2016-05-17,7.56184234477847
1,86,2016-05-18,7.32037217114088
1,86,2016-05-19,7.79297869918944
1,87,2016-05-10,3.34268798049083
1,87,2016-05-11,3.28135321493344
1,87,2016-05-12,3.41409004002326
1,87,2016-05-13,3.1250903442863
1,87,2016-05-14,0.511224130611328
1,87,2016-05-15,0
1,87,2016-05-16,3.79080085174428
1,87,2016-05-17,2.9662696038732
1,87,2016-05-18,2.83099373885236
1,87,2016-05-19,3.29941282770091
1,88,2016-05-10,15.8583351225378
1,88,2016-05-11,14.8166439148611
1,88,2016-05-12,15.8098602981811
1,88,2016-05-13,17.3290697218452
1,88,2016-05-14,4.69114901722466
1,88,2016-05-15,1.32070798203572
1,88,2016-05-16,16.0238971195451
1,88,2016-05-17,15.1775598263796
1,88,2016-05-18,13.6001336555931
1,88,2016-05-19,15.3841007908124
1,89,2016-05-10,3.49638770164891
1,89,2016-05-11,3.65918917997313
1,89,2016-05-12,3.57683129708755
1,89,2016-05-13,3.63586827984819
1,89,2016-05-14,1.05725355801737
1,89,2016-05-15,0.103597683289443
1,89,2016-05-16,3.76552951661406
1,89,2016-05-17,3.24340046043838
1,89,2016-05-18,3.19360193212839
1,89,2016-05-19,3.33850828186364
1,90,2016-05-10,15.9185075789646
1,90,2016-05-11,16.4995680808044
1,90,2016-05-12,14.8035035985094
1,90,2016-05-13,15.3526358437383
1,90,2016-05-14,5.40837857915416
1,90,2016-05-15,1.84675532290947
1,90,2016-05-16,15.5132347480668
1,90,2016-05-17,14.8440590378641
1,90,2016-05-18,14.6573851846044
1,90,2016-05-19,14.3185277171661
1,91,2016-05-10,9.31672501150925
1,91,2016-05-11,8.6205660728263
1,91,2016-05-12,9.4645870966892
1,91,2016-05-13,9.64334783167821
1,91,2016-05-14,2.14970582000939
1,91,2016-05-15,0.492571450128707
1,91,2016-05-16,9.38698724706141
1,91,2016-05-17,8.67357601287351
1,91,2016-05-18,8.18135855901792
1,91,2016-05-19,9.02450809475647
1,92,2016-05-10,8.96492813405097
1,92,2016-05-11,9.32426141724915
1,92,2016-05-12,9.54759409689496
1,92,2016-05-13,9.16381130958655
1,92,2016-05-14,2.24709417101954
1,92,2016-05-15,0.49103360131692
1,92,2016-05-16,9.41392339576502
1,92,2016-05-17,8.5138106552886
1,92,2016-05-18,8.68546943545119
1,92,2016-05-19,9.26801730951384
1,93,2016-05-10,3.06840633700676
1,93,2016-05-11,2.91921322121544
1,93,2016-05-12,3.11289052211954
1,93,2016-05-13,3.08381849397972
1,93,2016-05-14,0.901039075632779
1,93,2016-05-15,0.197031875343723
1,93,2016-05-16,3.24915512406941
1,93,2016-05-17,2.79065130185166
1,93,2016-05-18,2.65452005438033
1,93,2016-05-19,2.97635498869701
1,94,2016-05-10,7.11652580826504
1,94,2016-05-11,7.29838530263202
1,94,2016-05-12,7.38300898427591
1,94,2016-05-13,7.04923894913061
1,94,2016-05-14,1.20233056949791
1,94,2016-05-15,0.053570874673254
1,94,2016-05-16,7.38913147314029
1,94,2016-05-17,6.34187832478132
1,94,2016-05-18,6.58473461189172
1,94,2016-05-19,7.18404517641391
1,95,2016-05-10,4.41022527664341
1,95,2016-05-11,4.51517277884742
1,95,2016-05-12,4.65358558951312
1,95,2016-05-13,4.43257928213713
1,95,2016-05-14,0.963867466232988
1,95,2016-05-15,0.055067973277057
1,95,2016-05-16,4.7902178666861
1,95,2016-05-17,3.96185611628592
1,95,2016-05-18,4.03706934961897
1,95,2016-05-19,4.57968239259465
1,96,2016-05-10,7.42499304784192
1,96,2016-05-11,7.34246835616099
1,96,2016-05-12,7.34187062479817
1,96,2016-05-13,7.16537795062187
1,96,2016-05-14,1.00682278007639
1,96,2016-05-15,0
1,96,2016-05-16,7.56285723096668
1,96,2016-05-17,7.27009328857568
1,96,2016-05-18,6.85936487934159
1,96,2016-05-19,6.79414452298932
1,97,2016-05-10,4.66195349386093
1,97,2016-05-11,4.49255943081058
1,97,2016-05-12,4.2927160726506
1,97,2016-05-13,4.40656552638182
1,97,2016-05-14,0.913504434917425
1,97,2016-05-15,0.00863501135409014
1,97,2016-05-16,4.1884570902496
1,97,2016-05-17,4.43151834887006
1,97,2016-05-18,4.01076055478591
1,97,2016-05-19,4.04800892558469
1,98,2016-05-10,5.16038704106055
1,98,2016-05-11,4.70859559881282
1,98,2016-05-12,5.02639026575253
1,98,2016-05-13,4.69933119334802
1,98,2016-05-14,1.28235041897519
1,98,2016-05-15,0.0609054910266563
1,98,2016-05-16,5.28460356065467
1,98,2016-05-17,5.02506426113434
1,98,2016-05-18,4.62878210497149
1,98,2016-05-19,4.89716002555356
1,99,2016-05-10,6.92429053277057
1,99,2016-05-11,6.49441054172658
1,99,2016-05-12,6.57405694006236
1,99,2016-05-13,6.87767225845996
1,99,2016-05-14,1.43206761738158
1,99,2016-05-15,0.190105623454093
1,99,2016-05-16,7.20351522112364
1,99,2016-05-17,6.54968330009631
1,99,2016-05-18,6.08038122508687
1,99,2016-05-19,6.38259690271688
1,100,2016-05-10,7.07089512144378
1,100,2016-05-11,7.22868329762423
1,100,2016-05-12,7.28570578308039
1,100,2016-05-13,7.18425270923613
1,100,2016-05-14,1.32939990093573
1,100,2016-05-15,0
1,100,2016-05-16,7.5839455697131
1,100,2016-05-17,7.01905816814674
1,100,2016-05-18,6.76053663304704
1,100,2016-05-19,7.01947709410541
1,101,2016-05-10,5.33113243034913
1,101,2016-05-11,5.0734932607618
1,101,2016-05-12,5.52236695262841
1,101,2016-05-13,5.25402397754655
1,101,2016-05-14,1.00040291043495
1,101,2016-05-15,0.25522932300427
1,101,2016-05-16,5.33679918896851
1,101,2016-05-17,5.09505634109731
1,101,2016-05-18,4.70591787251392
1,101,2016-05-19,5.52962935532636
1,102,2016-05-10,8.65322030454621
1,102,2016-05-11,8.62980912809081
1,102,2016-05-12,9.50799853579469
1,102,2016-05-13,8.96373816821583
1,102,2016-05-14,1.36494498023574
1,102,2016-05-15,0.117035956278115
1,102,2016-05-16,9.28296183732212
1,102,2016-05-17,7.95749517428931
1,102,2016-05-18,7.96751753722851
1,102,2016-05-19,9.2501178583084
1,103,2016-05-10,4.09792175323597
1,103,2016-05-11,3.99047189411645
1,103,2016-05-12,4.44884232742369
1,103,2016-05-13,4.84151963666866
1,103,2016-05-14,1.14351933719441
1,103,2016-05-15,0.0556087499791906
1,103,2016-05-16,4.78500071198284
1,103,2016-05-17,3.89557173191295
1,103,2016-05-18,3.71290053675037
1,103,2016-05-19,4.2112319320193
1,104,2016-05-10,4.83377883827369
1,104,2016-05-11,4.84791039658192
1,104,2016-05-12,5.07621701672461
1,104,2016-05-13,5.61911023613994
1,104,2016-05-14,1.22019197992934
1,104,2016-05-15,0.0270241465697472
1,104,2016-05-16,5.87069620833441
1,104,2016-05-17,4.67246213903582
1,104,2016-05-18,4.56474334860574
1,104,2016-05-19,4.87023067705031
1,105,2016-05-10,9.09508881150087
1,105,2016-05-11,9.74538274334774
1,105,2016-05-12,10.1874272371552
1,105,2016-05-13,10.2039695168562
1,105,2016-05-14,1.93904280675626
1,105,2016-05-15,0.46434754287826
1,105,2016-05-16,10.5909713857547
1,105,2016-05-17,8.89441605327821
1,105,2016-05-18,8.84015498532232
1,105,2016-05-19,9.64227341190085
1,106,2016-05-10,9.59299790276556
1,106,2016-05-11,9.85586582218293
1,106,2016-05-12,10.2968701576563
1,106,2016-05-13,10.5764713766517
1,106,2016-05-14,2.54365965897287
1,106,2016-05-15,0.509582708188056
1,106,2016-05-16,9.86690885348062
1,106,2016-05-17,9.16966527784408
1,106,2016-05-18,9.20899811649929
1,106,2016-05-19,10.0883384484883
1,107,2016-05-10,2.83705280539249
1,107,2016-05-11,2.95976111976361
1,107,2016-05-12,2.96408677298239
1,107,2016-05-13,3.13033161699106
1,107,2016-05-14,0.697608461254252
1,107,2016-05-15,0.0550905728725437
1,107,2016-05-16,3.10428556456173
1,107,2016-05-17,2.69883843407865
1,107,2016-05-18,2.67798023772034
1,107,2016-05-19,2.96132926686857
1,108,2016-05-10,5.68487136809348
1,108,2016-05-11,6.13900983655472
1,108,2016-05-12,5.93125394860922
1,108,2016-05-13,5.63815383260502
1,108,2016-05-14,1.08052607207154
1,108,2016-05-15,0.151975394622813
1,108,2016-05-16,6.2183075028704
1,108,2016-05-17,5.49025797706731
1,108,2016-05-18,5.76086585557205
1,108,2016-05-19,5.71630658512309
1,109,2016-05-10,8.15452699821491
1,109,2016-05-11,8.95218910081184
1,109,2016-05-12,8.62677102991497
1,109,2016-05-13,7.9597991059413
1,109,2016-05-14,1.06105891644417
1,109,2016-05-15,0
1,109,2016-05-16,9.54490965829397
1,109,2016-05-17,7.84104243838305
1,109,2016-05-18,8.18249792367286
1,109,2016-05-19,8.33850461053512
1,110,2016-05-10,3.4722819127035
1,110,2016-05-11,3.77618936947595
1,110,2016-05-12,3.72591189184342
1,110,2016-05-13,3.63754580077586
1,110,2016-05-14,0.760170125819781
1,110,2016-05-15,0
1,110,2016-05-16,4.15307982292281
1,110,2016-05-17,3.44944838340907
1,110,2016-05-18,3.47991247160624
1,110,2016-05-19,3.61981896627982
1,111,2016-05-10,12.5241261783916
1,111,2016-05-11,13.4386099305632
1,111,2016-05-12,13.1446474122925
1,111,2016-05-13,13.1969690667729
1,111,2016-05-14,2.46758755801168
1,111,2016-05-15,0.437401304534482
1,111,2016-05-16,14.0475421154803
1,111,2016-05-17,11.8618101781132
1,111,2016-05-18,12.6728452101727
1,111,2016-05-19,12.7420586496552
1,112,2016-05-10,5.92172950931538
1,112,2016-05-11,6.23652771727731
1,112,2016-05-12,6.19248372676209
1,112,2016-05-13,5.99874411176138
1,112,2016-05-14,1.05608364514553
1,112,2016-05-15,0.0066816197640053
1,112,2016-05-16,6.60260785221361
1,112,2016-05-17,5.6452044189463
1,112,2016-05-18,5.91877059731603
1,112,2016-05-19,6.00104432311935
1,113,2016-05-10,9.88054345044814
1,113,2016-05-11,11.2053885221312
1,113,2016-05-12,10.9386660336124
1,113,2016-05-13,9.98603205476522
1,113,2016-05-14,1.64109336429401
1,113,2016-05-15,0
1,113,2016-05-16,11.5888064857398
1,113,2016-05-17,9.14397937495916
1,113,2016-05-18,10.2995821318062
1,113,2016-05-19,10.3245433867722
1,114,2016-05-10,14.2916715662118
1,114,2016-05-11,14.7150606262623
1,114,2016-05-12,15.0821941223038
1,114,2016-05-13,14.0944371469122
1,114,2016-05-14,2.81744411025659
1,114,2016-05-15,0.144404749556188
1,114,2016-05-16,16.7213607743337
1,114,2016-05-17,13.8177011447828
1,114,2016-05-18,14.1647434174217
1,114,2016-05-19,14.7924531786597
1,115,2016-05-10,0.961759465631821
1,115,2016-05-11,0.958792385618088
1,115,2016-05-12,0.923249530179623
1,115,2016-05-13,0.787412861943725
1,115,2016-05-14,0
1,115,2016-05-15,0
1,115,2016-05-16,0.983622499318304
1,115,2016-05-17,0.915259614160058
1,115,2016-05-18,0.890718136098934
1,115,2016-05-19,0.877491759900704
1,116,2016-05-10,4.22373820923732
1,116,2016-05-11,4.07348782719293
1,116,2016-05-12,4.16350526933043
1,116,2016-05-13,4.19244978503348
1,116,2016-05-14,0.989168074518573
1,116,2016-05-15,0.296830081347243
1,116,2016-05-16,4.47844441333181
1,116,2016-05-17,4.15094492309594
1,116,2016-05-18,3.90826195520169
1,116,2016-05-19,3.94414675916388
1,117,2016-05-10,0.946274743974592
1,117,2016-05-11,1.05922313905562
1,117,2016-05-12,1.16403618235492
1,117,2016-05-13,1.081792779173
1,117,2016-05-14,0.13376918639207
1,117,2016-05-15,0
1,117,2016-05-16,1.0086264455615
1,117,2016-05-17,0.886034491606612
1,117,2016-05-18,0.895263670051161
1,117,2016-05-19,1.07855582241314
1,118,2016-05-10,4.63034065070424
1,118,2016-05-11,4.6348606696209
1,118,2016-05-12,5.12906134991937
1,118,2016-05-13,4.7027495448724
1,118,2016-05-14,1.07279776259981
1,118,2016-05-15,0.151553881377255
1,118,2016-05-16,5.19866977462272
1,118,2016-05-17,4.37240207324777
1,118,2016-05-18,4.30654475174522
1,118,2016-05-19,4.96632010676423
1,119,2016-05-10,1.12937393237353
1,119,2016-05-11,1.20553273361033
1,119,2016-05-12,1.25744417487027
1,119,2016-05-13,1.16165140155613
1,119,2016-05-14,0.159474318725457
1,119,2016-05-15,0
1,119,2016-05-16,1.26962496316241
1,119,2016-05-17,1.0774035009658
1,119,2016-05-18,1.03353026204111
1,119,2016-05-19,1.17766864215866
1,120,2016-05-10,10.9302469853582
1,120,2016-05-11,10.8334125310696
1,120,2016-05-12,11.0230072522565
1,120,2016-05-13,10.8606149264413
1,120,2016-05-14,2.12175212518223
1,120,2016-05-15,0.748857591773696
1,120,2016-05-16,11.4895054417256
1,120,2016-05-17,10.5699848048022
1,120,2016-05-18,10.3163438155762
1,120,2016-05-19,10.7884801952059
1,121,2016-05-10,8.85318343532804
1,121,2016-05-11,9.20913799914938
1,121,2016-05-12,8.56114370320839
1,121,2016-05-13,9.01812557026027
1,121,2016-05-14,1.93768680239427
1,121,2016-05-15,0.259948232355628
1,121,2016-05-16,9.62895823345113
1,121,2016-05-17,8.1277960643191
1,121,2016-05-18,8.29483722534096
1,121,2016-05-19,8.35146161375371
1,122,2016-05-10,3.84266210267403
1,122,2016-05-11,3.64669731176239
1,122,2016-05-12,3.64080442552853
1,122,2016-05-13,3.64199907717177
1,122,2016-05-14,0.825715615246263
1,122,2016-05-15,0.168559468335155
1,122,2016-05-16,3.82376951817138
1,122,2016-05-17,3.38365686202265
1,122,2016-05-18,3.23804720223226
1,122,2016-05-19,3.55565491265136
1,123,2016-05-10,4.7098776496264
1,123,2016-05-11,4.73496113297912
1,123,2016-05-12,5.07016250146766
1,123,2016-05-13,5.05278075123962
1,123,2016-05-14,0.916187643888098
1,123,2016-05-15,0.0991088855438646
1,123,2016-05-16,5.48539218214551
1,123,2016-05-17,4.51290143892479
1,123,2016-05-18,4.35005614142654
1,123,2016-05-19,4.82840496295791
1,124,2016-05-10,7.29478083353401
1,124,2016-05-11,7.50268219765509
1,124,2016-05-12,7.98198560180945
1,124,2016-05-13,8.23704772732083
1,124,2016-05-14,1.65254328974589
1,124,2016-05-15,0.550487407622279
1,124,2016-05-16,8.2356510523786
1,124,2016-05-17,7.00907811513537
1,124,2016-05-18,6.95214257520901
1,124,2016-05-19,7.54885130390529
1,125,2016-05-10,9.4065809517218
1,125,2016-05-11,9.47953754339945
1,125,2016-05-12,10.3085536025694
1,125,2016-05-13,9.44050740166572
1,125,2016-05-14,3.14857420838452
1,125,2016-05-15,1.59089799521169
1,125,2016-05-16,9.99385998468405
1,125,2016-05-17,9.15891766564836
1,125,2016-05-18,9.00040259936371
1,125,2016-05-19,9.90032257242515
1,126,2016-05-10,6.12766350379387
1,126,2016-05-11,5.89138775813228
1,126,2016-05-12,6.31252126664739
1,126,2016-05-13,6.54085840316235
1,126,2016-05-14,1.1399456352995
1,126,2016-05-15,0.163876930348806
1,126,2016-05-16,6.57284903727124
1,126,2016-05-17,5.70868695063765
1,126,2016-05-18,6.04205004960593
1,126,2016-05-19,5.99987056830068
1,127,2016-05-10,8.25747128924962
1,127,2016-05-11,7.95097854767402
1,127,2016-05-12,8.70890201234109
1,127,2016-05-13,8.65486768070859
1,127,2016-05-14,1.85043394029836
1,127,2016-05-15,0.569001230147422
1,127,2016-05-16,9.19195252919484
1,127,2016-05-17,7.83607942409217
1,127,2016-05-18,7.26873082070419
1,127,2016-05-19,8.43975635548292
1,128,2016-05-10,1.55690981696199
1,128,2016-05-11,1.37824237960974
1,128,2016-05-12,1.69795406728493
1,128,2016-05-13,1.81990813011773
1,128,2016-05-14,0.570102358113487
1,128,2016-05-15,0.189739340745468
1,128,2016-05-16,1.8082637852838
1,128,2016-05-17,1.56971629700877
1,128,2016-05-18,1.32602861316014
1,128,2016-05-19,1.71994941683277
1,129,2016-05-10,10.1215216660329
1,129,2016-05-11,10.3075516941501
1,129,2016-05-12,9.49466613251701
1,129,2016-05-13,10.770531603502
1,129,2016-05-14,1.53440330024313
1,129,2016-05-15,0.15498008100646
1,129,2016-05-16,11.7798675140304
1,129,2016-05-17,8.70081282842929
1,129,2016-05-18,8.67662812880809
1,129,2016-05-19,8.75430134320503
1,130,2016-05-10,9.23584913098755
1,130,2016-05-11,9.34991896589471
1,130,2016-05-12,9.32173604690135
1,130,2016-05-13,9.93410995600875
1,130,2016-05-14,1.83314903955284
1,130,2016-05-15,0.20648038884917
1,130,2016-05-16,10.5064202702169
1,130,2016-05-17,9.04177603453959
1,130,2016-05-18,8.82972007340233
1,130,2016-05-19,8.91219226777248
1,131,2016-05-10,8.91000893753795
1,131,2016-05-11,9.19745426347217
1,131,2016-05-12,8.93082966530985
1,131,2016-05-13,9.69207540680999
1,131,2016-05-14,1.88544332790579
1,131,2016-05-15,0.75541889386586
1,131,2016-05-16,10.5064497720478
1,131,2016-05-17,8.69030973202913
1,131,2016-05-18,8.75128094151639
1,131,2016-05-19,8.71178533617634
1,132,2016-05-10,6.80003460828259
1,132,2016-05-11,6.92791032620597
1,132,2016-05-12,7.13853584010881
1,132,2016-05-13,6.91650378137895
1,132,2016-05-14,1.52952909429575
1,132,2016-05-15,0.0509753781416698
1,132,2016-05-16,7.10125920896162
1,132,2016-05-17,6.11513354743487
1,132,2016-05-18,6.94624772287761
1,132,2016-05-19,6.7381528482577
1,133,2016-05-10,9.02918643146483
1,133,2016-05-11,9.19370262145319
1,133,2016-05-12,10.2852787920442
1,133,2016-05-13,8.73170551083704
1,133,2016-05-14,1.57290839058221
1,133,2016-05-15,0
1,133,2016-05-16,9.26755267824626
1,133,2016-05-17,8.35891226733525
1,133,2016-05-18,8.51723393640474
1,133,2016-05-19,9.82324283348174
1,134,2016-05-10,2.05149342058764
1,134,2016-05-11,2.23783440162662
1,134,2016-05-12,2.38707866439519
1,134,2016-05-13,2.1278747690462
1,134,2016-05-14,0.561165511544909
1,134,2016-05-15,0
1,134,2016-05-16,2.36183285999604
1,134,2016-05-17,1.86467716467535
1,134,2016-05-18,2.10519100117045
1,134,2016-05-19,2.22615529701329
1,135,2016-05-10,7.83239904645114
1,135,2016-05-11,8.29873319344897
1,135,2016-05-12,8.66146774415832
1,135,2016-05-13,8.03180752574403
1,135,2016-05-14,1.90952682756447
1,135,2016-05-15,0.555566242129642
1,135,2016-05-16,9.50808208563983
1,135,2016-05-17,7.7781887924329
1,135,2016-05-18,7.59270948570438
1,135,2016-05-19,8.38638475753219
1,136,2016-05-10,2.3038973969238
1,136,2016-05-11,2.2339392405849
1,136,2016-05-12,2.38699949714061
1,136,2016-05-13,2.16564357515166
1,136,2016-05-14,0.539289144903249
1,136,2016-05-15,0
1,136,2016-05-16,2.4205035944856
1,136,2016-05-17,2.21635503381178
1,136,2016-05-18,2.09040682786126
1,136,2016-05-19,2.29090148872604
1,137,2016-05-10,5.69969368918405
1,137,2016-05-11,4.97157638871382
1,137,2016-05-12,5.24880809082567
1,137,2016-05-13,5.12255536981874
1,137,2016-05-14,1.20595421737454
1,137,2016-05-15,0.157951836319486
1,137,2016-05-16,5.67286308707751
1,137,2016-05-17,5.37749092846046
1,137,2016-05-18,4.66632058402509
1,137,2016-05-19,4.87051049427869
1,138,2016-05-10,4.39764052636219
1,138,2016-05-11,4.24517284915973
1,138,2016-05-12,4.45482177565668
1,138,2016-05-13,4.38905281267852
1,138,2016-05-14,0.832444549253712
1,138,2016-05-15,0
1,138,2016-05-16,4.47369903949555
1,138,2016-05-17,4.09120012854477
1,138,2016-05-18,4.06244440293447
1,138,2016-05-19,4.15509528178259
1,139,2016-05-10,8.39026017336486
1,139,2016-05-11,8.73143733618801
1,139,2016-05-12,8.51528921828265
1,139,2016-05-13,8.54034726368112
1,139,2016-05-14,1.97239594135104
1,139,2016-05-15,0.584248009156588
1,139,2016-05-16,8.75683474228569
1,139,2016-05-17,7.95637548298193
1,139,2016-05-18,8.37319669897014
1,139,2016-05-19,8.39902817559277
1,140,2016-05-10,10.118833047879
1,140,2016-05-11,9.75605267650118
1,140,2016-05-12,10.3845615378991
1,140,2016-05-13,10.4872197068595
1,140,2016-05-14,2.15195099353008
1,140,2016-05-15,0.53029423883869
1,140,2016-05-16,9.87592597116756
1,140,2016-05-17,9.5375777094564
1,140,2016-05-18,9.32065260468817
1,140,2016-05-19,10.1452511679458
1,141,2016-05-10,3.72345734199552
1,141,2016-05-11,3.44522233989407
1,141,2016-05-12,3.84040334978572
1,141,2016-05-13,4.45996578287877
1,141,2016-05-14,1.26544354864589
1,141,2016-05-15,0.577571382146906
1,141,2016-05-16,3.8777096504303
1,141,2016-05-17,3.5464046642589
1,141,2016-05-18,3.27487036038864
1,141,2016-05-19,3.75981243676593
1,142,2016-05-10,7.46735187987559
1,142,2016-05-11,7.62273177366623
1,142,2016-05-12,7.78469301159192
1,142,2016-05-13,7.79831724484434
1,142,2016-05-14,2.17324140602429
1,142,2016-05-15,0.932739650163357
1,142,2016-05-16,7.7120915737826
1,142,2016-05-17,7.13933098480871
1,142,2016-05-18,7.22793002188206
1,142,2016-05-19,7.47507637167779
1,143,2016-05-10,3.03090623418434
1,143,2016-05-11,3.2315798359283
1,143,2016-05-12,3.22615821752538
1,143,2016-05-13,3.28508435474967
1,143,2016-05-14,0.941802574105459
1,143,2016-05-15,0.238011949435676
1,143,2016-05-16,3.33387697577315
1,143,2016-05-17,2.90190117522744
1,143,2016-05-18,3.06494026520104
1,143,2016-05-19,3.12682603632765
1,144,2016-05-10,17.5174200960035
1,144,2016-05-11,15.0469379897414
1,144,2016-05-12,14.8412916785897
1,144,2016-05-13,16.6934654291212
1,144,2016-05-14,4.20269744397953
1,144,2016-05-15,1.02852724707701
1,144,2016-05-16,15.8772747788229
1,144,2016-05-17,18.214114226813
1,144,2016-05-18,14.290884288548
1,144,2016-05-19,14.5657719159777
1,145,2016-05-10,10.379213057104
1,145,2016-05-11,9.21473811102111
1,145,2016-05-12,11.2179174968098
1,145,2016-05-13,10.3118629912448
1,145,2016-05-14,2.37155640200312
1,145,2016-05-15,0.525953990285875
1,145,2016-05-16,10.6833776740675
1,145,2016-05-17,9.59130498596399
1,145,2016-05-18,9.16740855456955
1,145,2016-05-19,10.2257116109593
2,1,2016-05-10,2.17487248904144
2,1,2016-05-11,1.79659422635543
2,1,2016-05-12,1.98647523349243
2,1,2016-05-13,2.26141532036661
2,1,2016-05-14,1.12097149710261
2,1,2016-05-15,0.170919841747348
2,1,2016-05-16,1.30424176630243
2,1,2016-05-17,2.0607628754793
2,1,2016-05-18,1.81084773036257
2,1,2016-05-19,2.23067860383512
2,2,2016-05-10,3.29776013730313
2,2,2016-05-11,2.73857774243002
2,2,2016-05-12,3.55428602077528
2,2,2016-05-13,3.4285755799398
2,2,2016-05-14,1.59458208973992
2,2,2016-05-15,0.596919066208188
2,2,2016-05-16,1.71840153269259
2,2,2016-05-17,2.96632525589418
2,2,2016-05-18,2.82891324752501
2,2,2016-05-19,3.52312729303191
2,3,2016-05-10,0.496011375952385
2,3,2016-05-11,0.403235930553818
2,3,2016-05-12,0.625959578340757
2,3,2016-05-13,0.539519252015368
2,3,2016-05-14,0.124465423773228
2,3,2016-05-15,0
2,3,2016-05-16,0.322518353301001
2,3,2016-05-17,0.53028935806481
2,3,2016-05-18,0.538733197891952
2,3,2016-05-19,0.580709354485001
2,4,2016-05-10,1.55624015665402
2,4,2016-05-11,1.83692541903028
2,4,2016-05-12,1.83988643150197
2,4,2016-05-13,1.6397449797316
2,4,2016-05-14,0.732173048381262
2,4,2016-05-15,0
2,4,2016-05-16,0.733558453934962
2,4,2016-05-17,1.18748968974234
2,4,2016-05-18,1.82989957114688
2,4,2016-05-19,1.74346755040974
2,5,2016-05-10,4.67845029033069
2,5,2016-05-11,4.02954395947097
2,5,2016-05-12,4.93452507613022
2,5,2016-05-13,4.94815473981461
2,5,2016-05-14,2.81572608306486
2,5,2016-05-15,0.830320325558342
2,5,2016-05-16,3.22989149360158
2,5,2016-05-17,4.20551742505545
2,5,2016-05-18,4.41047729759314
2,5,2016-05-19,4.60002873718332
2,6,2016-05-10,0.478560970846234
2,6,2016-05-11,0.287521487493359
2,6,2016-05-12,0.699298996854666
2,6,2016-05-13,0.471691375479627
2,6,2016-05-14,0.236651661071024
2,6,2016-05-15,0
2,6,2016-05-16,0.270763757684742
2,6,2016-05-17,0.412744351443444
2,6,2016-05-18,0.335380515459934
2,6,2016-05-19,0.553239066264625
2,7,2016-05-10,2.85764344193049
2,7,2016-05-11,3.01963534099027
2,7,2016-05-12,2.83649168050312
2,7,2016-05-13,3.09635553471933
2,7,2016-05-14,4.79804514513677
2,7,2016-05-15,1.39908199627054
2,7,2016-05-16,2.1355281056147
2,7,2016-05-17,2.70362079199798
2,7,2016-05-18,2.89828531342861
2,7,2016-05-19,2.94869149491852
2,8,2016-05-10,3.0447581177677
2,8,2016-05-11,3.23281492868934
2,8,2016-05-12,3.4851948859222
2,8,2016-05-13,3.13200073158076
2,8,2016-05-14,1.38735738774137
2,8,2016-05-15,0.50968478282348
2,8,2016-05-16,1.77703009861752
2,8,2016-05-17,2.73754013070163
2,8,2016-05-18,2.97050018480121
2,8,2016-05-19,3.41729217779533
2,9,2016-05-10,1.4542580861211
2,9,2016-05-11,1.3921704162509
2,9,2016-05-12,2.1642400604637
2,9,2016-05-13,1.90682955016659
2,9,2016-05-14,0.751682701059979
2,9,2016-05-15,0.0220447053604693
2,9,2016-05-16,1.0273402119414
2,9,2016-05-17,1.331115541181
2,9,2016-05-18,1.41407340915741
2,9,2016-05-19,2.00748473394363
2,10,2016-05-10,2.0815808926286
2,10,2016-05-11,2.18434965312131
2,10,2016-05-12,2.47717520062966
2,10,2016-05-13,2.4607728816234
2,10,2016-05-14,1.2602827060935
2,10,2016-05-15,0.20657917977266
2,10,2016-05-16,1.43695681939175
2,10,2016-05-17,2.06678547306548
2,10,2016-05-18,2.49154409642741
2,10,2016-05-19,2.71377157249492
2,11,2016-05-10,2.01998303558157
2,11,2016-05-11,1.62161964392087
2,11,2016-05-12,2.14451255949192
2,11,2016-05-13,2.21228709236056
2,11,2016-05-14,1.1015491804051
2,11,2016-05-15,0.31233440008994
2,11,2016-05-16,1.24500301318326
2,11,2016-05-17,2.00166190054403
2,11,2016-05-18,1.6228021054834
2,11,2016-05-19,2.1379720176674
2,12,2016-05-10,1.86850579943514
2,12,2016-05-11,1.72304345591083
2,12,2016-05-12,2.11987011991274
2,12,2016-05-13,2.12629555031726
2,12,2016-05-14,0.983420846561124
2,12,2016-05-15,0
2,12,2016-05-16,0.804009503870271
2,12,2016-05-17,1.76844560353821
2,12,2016-05-18,1.81955841617643
2,12,2016-05-19,2.10842534591487
2,13,2016-05-10,6.29881899773822
2,13,2016-05-11,4.62527512187994
2,13,2016-05-12,6.82068725343994
2,13,2016-05-13,6.34169164298249
2,13,2016-05-14,3.44455706807351
2,13,2016-05-15,0.743810098928753
2,13,2016-05-16,2.40713251291064
2,13,2016-05-17,6.01267182453091
2,13,2016-05-18,4.83331625423309
2,13,2016-05-19,6.59034379522971
2,14,2016-05-10,1.73850323121041
2,14,2016-05-11,1.58167784671393
2,14,2016-05-12,2.17284504979396
2,14,2016-05-13,2.18296864342436
2,14,2016-05-14,0.923762558069325
2,14,2016-05-15,0.145499889246326
2,14,2016-05-16,0.921801063458785
2,14,2016-05-17,1.65183366725153
2,14,2016-05-18,1.59031771187835
2,14,2016-05-19,2.14029693713977
2,15,2016-05-10,1.24073089989003
2,15,2016-05-11,1.56448847681209
2,15,2016-05-12,1.0192733562586
2,15,2016-05-13,1.21081460623284
2,15,2016-05-14,0.10538757041336
2,15,2016-05-15,0
2,15,2016-05-16,1.41138084611985
2,15,2016-05-17,1.3256476963234
2,15,2016-05-18,1.51893949602677
2,15,2016-05-19,1.09395273372093
2,16,2016-05-10,3.62266535289352
2,16,2016-05-11,3.656388004493
2,16,2016-05-12,4.45920417550176
2,16,2016-05-13,3.94318065511845
2,16,2016-05-14,2.20140826528477
2,16,2016-05-15,0.557556856723941
2,16,2016-05-16,2.22432521300581
2,16,2016-05-17,3.32148896625117
2,16,2016-05-18,3.65106612661329
2,16,2016-05-19,4.27604749571715
2,17,2016-05-10,0.31156900249094
2,17,2016-05-11,0.312823675974184
2,17,2016-05-12,0.43007859157515
2,17,2016-05-13,0.50543811241689
2,17,2016-05-14,0.0310300102464432
2,17,2016-05-15,0.0145131056652145
2,17,2016-05-16,0.284571350415522
2,17,2016-05-17,0.325596123602705
2,17,2016-05-18,0.29993661325598
2,17,2016-05-19,0.466014333483595
2,18,2016-05-10,2.17195095848817
2,18,2016-05-11,1.99769482369132
2,18,2016-05-12,2.20502718819556
2,18,2016-05-13,1.98052861537923
2,18,2016-05-14,0.741131455808291
2,18,2016-05-15,0.122424189124779
2,18,2016-05-16,1.67589904137145
2,18,2016-05-17,1.55950752061373
2,18,2016-05-18,1.84452073279456
2,18,2016-05-19,1.80356777772604
2,19,2016-05-10,1.75602012117617
2,19,2016-05-11,1.79529707638876
2,19,2016-05-12,1.57544771448176
2,19,2016-05-13,1.48552319228907
2,19,2016-05-14,0.448358419128069
2,19,2016-05-15,0
2,19,2016-05-16,1.18711815854892
2,19,2016-05-17,1.60032319826111
2,19,2016-05-18,1.80388130754315
2,19,2016-05-19,1.5496609111177
2,20,2016-05-10,0
2,20,2016-05-11,0
2,20,2016-05-12,0
2,20,2016-05-13,0
2,20,2016-05-14,0
2,20,2016-05-15,0.00310229778959437
2,20,2016-05-16,0
2,20,2016-05-17,0
2,20,2016-05-18,0
2,20,2016-05-19,0
2,21,2016-05-10,3.01214972522643
2,21,2016-05-11,2.36913481861745
2,21,2016-05-12,2.85033761879682
2,21,2016-05-13,2.72300588870917
2,21,2016-05-14,1.00556135035769
2,21,2016-05-15,0
2,21,2016-05-16,1.0836018852698
2,21,2016-05-17,2.65322256043426
2,21,2016-05-18,2.50575320282737
2,21,2016-05-19,2.56868095839802
2,22,2016-05-10,2.25073128876054
2,22,2016-05-11,2.4690110460335
2,22,2016-05-12,2.57441446802229
2,22,2016-05-13,2.53141195401871
2,22,2016-05-14,1.23252664365771
2,22,2016-05-15,0.220789915199037
2,22,2016-05-16,1.1969083195656
2,22,2016-05-17,2.13177184825988
2,22,2016-05-18,2.24913424084326
2,22,2016-05-19,2.66968754564164
2,23,2016-05-10,2.30567097234022
2,23,2016-05-11,2.35681601981709
2,23,2016-05-12,2.48291727806365
2,23,2016-05-13,2.7995880979507
2,23,2016-05-14,1.04607167604317
2,23,2016-05-15,0
2,23,2016-05-16,1.46603162120225
2,23,2016-05-17,2.25064191362323
2,23,2016-05-18,2.37935405586324
2,23,2016-05-19,2.47278328803813
2,24,2016-05-10,2.36791849464046
2,24,2016-05-11,2.32352638207004
2,24,2016-05-12,3.25099762347081
2,24,2016-05-13,3.15058158725044
2,24,2016-05-14,1.74588314290932
2,24,2016-05-15,0.532929698860795
2,24,2016-05-16,1.47123879298007
2,24,2016-05-17,2.28284256728416
2,24,2016-05-18,2.35329914153579
2,24,2016-05-19,3.25916609282258
2,25,2016-05-10,2.44702672857665
2,25,2016-05-11,2.43615560932686
2,25,2016-05-12,3.05757962701688
2,25,2016-05-13,2.89865699039425
2,25,2016-05-14,1.45216047971043
2,25,2016-05-15,0.132815150964321
2,25,2016-05-16,1.33665027247989
2,25,2016-05-17,2.39057064697488
2,25,2016-05-18,2.47563018516317
2,25,2016-05-19,3.20222091440436
2,26,2016-05-10,3.18332067099185
2,26,2016-05-11,2.74139584279854
2,26,2016-05-12,3.42656626705884
2,26,2016-05-13,3.08217630833999
2,26,2016-05-14,1.64666619106924
2,26,2016-05-15,0
2,26,2016-05-16,1.43636293329095
2,26,2016-05-17,2.97404106684993
2,26,2016-05-18,2.75117727586553
2,26,2016-05-19,3.2798539380466
2,27,2016-05-10,2.11829422076294
2,27,2016-05-11,1.98708658905125
2,27,2016-05-12,2.37737051290709
2,27,2016-05-13,2.08748252253632
2,27,2016-05-14,1.11465209744336
2,27,2016-05-15,0.203146656335353
2,27,2016-05-16,1.24461713446428
2,27,2016-05-17,2.084601446601
2,27,2016-05-18,2.00956616072207
2,27,2016-05-19,2.23627666586054
2,28,2016-05-10,4.27717008667246
2,28,2016-05-11,4.70365287189958
2,28,2016-05-12,5.29305474478892
2,28,2016-05-13,5.38420206264942
2,28,2016-05-14,2.31013156906064
2,28,2016-05-15,0.382634897247773
2,28,2016-05-16,3.18494221072178
2,28,2016-05-17,4.51925305412295
2,28,2016-05-18,4.51978991202365
2,28,2016-05-19,5.29866261435517
2,29,2016-05-10,4.23071943680348
2,29,2016-05-11,4.48664717549067
2,29,2016-05-12,4.6722359491883
2,29,2016-05-13,4.76860450043238
2,29,2016-05-14,2.24566962523228
2,29,2016-05-15,0.458429435094613
2,29,2016-05-16,3.20972126870254
2,29,2016-05-17,3.93308888480434
2,29,2016-05-18,4.41727156034506
2,29,2016-05-19,4.55000269062065
2,30,2016-05-10,1.80852663204131
2,30,2016-05-11,1.52340959057433
2,30,2016-05-12,1.7515034815477
2,30,2016-05-13,1.79813313457235
2,30,2016-05-14,0.78025907861073
2,30,2016-05-15,0.24041591190436
2,30,2016-05-16,1.24696138005949
2,30,2016-05-17,1.6625697975412
2,30,2016-05-18,1.42295206815777
2,30,2016-05-19,1.80928929232842
2,31,2016-05-10,2.50018555323658
2,31,2016-05-11,2.16184764378446
2,31,2016-05-12,2.63253783921225
2,31,2016-05-13,2.70343010650277
2,31,2016-05-14,1.1785887163191
2,31,2016-05-15,0.264479638142457
2,31,2016-05-16,2.09223413529093
2,31,2016-05-17,2.36509969200903
2,31,2016-05-18,2.19800356884088
2,31,2016-05-19,2.56357556689546
2,32,2016-05-10,0
2,32,2016-05-11,0.0247780411193471
2,32,2016-05-12,0.086982341678809
2,32,2016-05-13,0.0253126659288235
2,32,2016-05-14,0
2,32,2016-05-15,0.000994565552829593
2,32,2016-05-16,0
2,32,2016-05-17,0
2,32,2016-05-18,0.00498572763035523
2,32,2016-05-19,0
2,33,2016-05-10,0.543182543918733
2,33,2016-05-11,0.443678226559179
2,33,2016-05-12,0.541556571119801
2,33,2016-05-13,0.533190809769291
2,33,2016-05-14,0.0917336206914818
2,33,2016-05-15,0
2,33,2016-05-16,0.107766822919728
2,33,2016-05-17,0.55147656885473
2,33,2016-05-18,0.449088862535773
2,33,2016-05-19,0.479545166989812
2,34,2016-05-10,1.04713062889314
2,34,2016-05-11,0.911922295370973
2,34,2016-05-12,1.36358301727557
2,34,2016-05-13,1.36395815933194
2,34,2016-05-14,0.410921616888461
2,34,2016-05-15,0.0729604968235637
2,34,2016-05-16,0.771924943044571
2,34,2016-05-17,0.963491435368647
2,34,2016-05-18,0.946979782682882
2,34,2016-05-19,1.45026629863622
2,35,2016-05-10,2.37409663661704
2,35,2016-05-11,2.49420245546032
2,35,2016-05-12,2.67221575189701
2,35,2016-05-13,2.92132759102702
2,35,2016-05-14,1.14402555964707
2,35,2016-05-15,0.549555895060112
2,35,2016-05-16,1.76302132791913
2,35,2016-05-17,2.22322267639606
2,35,2016-05-18,2.47611145378164
2,35,2016-05-19,2.58786279397695
2,36,2016-05-10,2.95518495111987
2,36,2016-05-11,2.54716144443481
2,36,2016-05-12,3.29238308358724
2,36,2016-05-13,3.09380424981271
2,36,2016-05-14,1.68397270278056
2,36,2016-05-15,0.414321260165421
2,36,2016-05-16,1.47061531073005
2,36,2016-05-17,2.87062283987218
2,36,2016-05-18,2.54522183522829
2,36,2016-05-19,3.26279630121132
2,37,2016-05-10,6.92010382520262
2,37,2016-05-11,6.61248924676926
2,37,2016-05-12,7.95571608577734
2,37,2016-05-13,8.16773735301029
2,37,2016-05-14,4.73129745306335
2,37,2016-05-15,1.35887117330482
2,37,2016-05-16,4.24672956917288
2,37,2016-05-17,6.98766876900931
2,37,2016-05-18,6.68913222405079
2,37,2016-05-19,7.88718139847563
2,38,2016-05-10,1.30553953270697
2,38,2016-05-11,1.21253043910127
2,38,2016-05-12,1.26782293486905
2,38,2016-05-13,1.29857265676387
2,38,2016-05-14,0.75699900428861
2,38,2016-05-15,0
2,38,2016-05-16,0.876548545554892
2,38,2016-05-17,1.24735459603353
2,38,2016-05-18,1.26936465034897
2,38,2016-05-19,1.31256955390157
2,39,2016-05-10,3.72342876038951
2,39,2016-05-11,3.17798409300868
2,39,2016-05-12,3.83325420146557
2,39,2016-05-13,3.51214496399007
2,39,2016-05-14,1.941831735761
2,39,2016-05-15,0.394063089253832
2,39,2016-05-16,1.28885765064174
2,39,2016-05-17,3.47432632308242
2,39,2016-05-18,3.22628165699494
2,39,2016-05-19,3.93992955090096
2,40,2016-05-10,4.45860640469499
2,40,2016-05-11,4.71525070389366
2,40,2016-05-12,4.95353240598803
2,40,2016-05-13,4.88452229020776
2,40,2016-05-14,2.9054292634448
2,40,2016-05-15,0.697419327990371
2,40,2016-05-16,2.28473902337846
2,40,2016-05-17,4.5097681172235
2,40,2016-05-18,4.62345644324133
2,40,2016-05-19,4.8310767387577
2,41,2016-05-10,2.28208722168784
2,41,2016-05-11,2.68475445792565
2,41,2016-05-12,3.06621771473601
2,41,2016-05-13,3.24007929964321
2,41,2016-05-14,1.73849755624287
2,41,2016-05-15,0.300897250418343
2,41,2016-05-16,1.10418987961328
2,41,2016-05-17,2.18141613295505
2,41,2016-05-18,2.7066435590367
2,41,2016-05-19,2.99992833106744
2,42,2016-05-10,4.10254770383681
2,42,2016-05-11,3.97241758370995
2,42,2016-05-12,4.92113433315298
2,42,2016-05-13,5.18619402054289
2,42,2016-05-14,2.80501700990954
2,42,2016-05-15,0.634881447020993
2,42,2016-05-16,2.21915574436251
2,42,2016-05-17,3.69171574588019
2,42,2016-05-18,4.13447027513182
2,42,2016-05-19,5.0067695777106
2,43,2016-05-10,6.25942002561705
2,43,2016-05-11,6.62396810883211
2,43,2016-05-12,8.6869294863705
2,43,2016-05-13,7.55085408862684
2,43,2016-05-14,4.27093504643824
2,43,2016-05-15,1.19489359395145
2,43,2016-05-16,4.01451168235043
2,43,2016-05-17,6.05486015298778
2,43,2016-05-18,6.34896188117072
2,43,2016-05-19,8.24336686047401
2,44,2016-05-10,2.98939925977267
2,44,2016-05-11,2.91368937071167
2,44,2016-05-12,3.50991334344781
2,44,2016-05-13,3.34517628216276
2,44,2016-05-14,2.0149610945476
2,44,2016-05-15,0.554646212671385
2,44,2016-05-16,1.77637175297905
2,44,2016-05-17,2.89931040304943
2,44,2016-05-18,2.92798578630694
2,44,2016-05-19,3.19801252131698
2,45,2016-05-10,2.02157880883106
2,45,2016-05-11,2.23572437430449
2,45,2016-05-12,2.12003932435979
2,45,2016-05-13,2.8858261562277
2,45,2016-05-14,0.841921728818911
2,45,2016-05-15,0
2,45,2016-05-16,1.6903583840543
2,45,2016-05-17,1.76853016669098
2,45,2016-05-18,1.8280682239437
2,45,2016-05-19,2.13329557099874
2,46,2016-05-10,3.4815915403431
2,46,2016-05-11,2.48376387942297
2,46,2016-05-12,3.89702669060048
2,46,2016-05-13,3.39507734040705
2,46,2016-05-14,1.99303448813798
2,46,2016-05-15,0
2,46,2016-05-16,2.2254459794229
2,46,2016-05-17,3.27264649073236
2,46,2016-05-18,3.10344300731207
2,46,2016-05-19,3.72345715046213
2,47,2016-05-10,1.33503907072631
2,47,2016-05-11,1.29773635423738
2,47,2016-05-12,1.32161033765963
2,47,2016-05-13,1.54614779806832
2,47,2016-05-14,0.785567223433932
2,47,2016-05-15,0
2,47,2016-05-16,0.724238290094332
2,47,2016-05-17,1.21175381445379
2,47,2016-05-18,1.26098098343424
2,47,2016-05-19,1.28748305055079
2,48,2016-05-10,0.625787081659952
2,48,2016-05-11,0.381960817031532
2,48,2016-05-12,0.526496727972759
2,48,2016-05-13,0.51574530469221
2,48,2016-05-14,0.0262305633183882
2,48,2016-05-15,0
2,48,2016-05-16,0.380756603856193
2,48,2016-05-17,0.584553694517881
2,48,2016-05-18,0.300294307718716
2,48,2016-05-19,0.555884656919883
2,49,2016-05-10,0.655646151208418
2,49,2016-05-11,0.54189261696745
2,49,2016-05-12,0.961178982208098
2,49,2016-05-13,0.947183422625626
2,49,2016-05-14,0.184697215598959
2,49,2016-05-15,0
2,49,2016-05-16,0.358227008551017
2,49,2016-05-17,0.494786451485348
2,49,2016-05-18,0.604365494650431
2,49,2016-05-19,0.985272914158128
2,50,2016-05-10,4.1414732309804
2,50,2016-05-11,3.75194592712104
2,50,2016-05-12,4.4863101973856
2,50,2016-05-13,4.36156000841756
2,50,2016-05-14,2.29251121090366
2,50,2016-05-15,0.428902989587191
2,50,2016-05-16,2.1289478926791
2,50,2016-05-17,4.00267449977645
2,50,2016-05-18,3.85895810269885
2,50,2016-05-19,4.35585768379402
2,52,2016-05-10,3.10487738923294
2,52,2016-05-11,2.65904672368517
2,52,2016-05-12,3.37773260159448
2,52,2016-05-13,3.54654786253402
2,52,2016-05-14,1.88951517408277
2,52,2016-05-15,0.474705429412252
2,52,2016-05-16,1.62216712468012
2,52,2016-05-17,2.95222045759985
2,52,2016-05-18,2.61727765258273
2,52,2016-05-19,3.3859051482887
2,53,2016-05-10,3.09543309481586
2,53,2016-05-11,2.51917542937657
2,53,2016-05-12,3.6966592785497
2,53,2016-05-13,3.53096851953937
2,53,2016-05-14,1.90026811372911
2,53,2016-05-15,0.490138738483956
2,53,2016-05-16,1.04043461465021
2,53,2016-05-17,2.89215001546309
2,53,2016-05-18,2.58719828920544
2,53,2016-05-19,3.56908036687743
2,54,2016-05-10,2.06897658855749
2,54,2016-05-11,1.93504901433552
2,54,2016-05-12,2.2727609000241
2,54,2016-05-13,2.21537774977635
2,54,2016-05-14,1.2787164225064
2,54,2016-05-15,0
2,54,2016-05-16,0.676017110989502
2,54,2016-05-17,1.75677306368193
2,54,2016-05-18,1.96191668567667
2,54,2016-05-19,2.26772558589966
2,55,2016-05-10,2.77643028192972
2,55,2016-05-11,2.41262152351583
2,55,2016-05-12,3.20908320429485
2,55,2016-05-13,2.93988491202816
2,55,2016-05-14,1.5370072110668
2,55,2016-05-15,0.293396755281633
2,55,2016-05-16,1.81178497378653
2,55,2016-05-17,2.69049034894071
2,55,2016-05-18,2.45003852208401
2,55,2016-05-19,3.2814450487334
2,56,2016-05-10,0
2,56,2016-05-11,0.0173783693352785
2,56,2016-05-12,0.0696201752288187
2,56,2016-05-13,0.0280914890252098
2,56,2016-05-14,0
2,56,2016-05-15,0
2,56,2016-05-16,0.0331125753697217
2,56,2016-05-17,0
2,56,2016-05-18,0.0140333112379292
2,56,2016-05-19,0.0717272575335876
2,57,2016-05-10,5.74288184934056
2,57,2016-05-11,4.98746307055203
2,57,2016-05-12,6.67382337348834
2,57,2016-05-13,5.91977388232247
2,57,2016-05-14,3.26491229276202
2,57,2016-05-15,1.01872882149394
2,57,2016-05-16,3.01829780065173
2,57,2016-05-17,5.42844294170665
2,57,2016-05-18,5.38667949157462
2,57,2016-05-19,6.91363819307036
2,58,2016-05-10,3.85438002367637
2,58,2016-05-11,3.46320382122795
2,58,2016-05-12,4.31293138283823
2,58,2016-05-13,4.18578393978372
2,58,2016-05-14,1.65483456190416
2,58,2016-05-15,0
2,58,2016-05-16,2.70411449824664
2,58,2016-05-17,3.76461960370395
2,58,2016-05-18,3.4628568652329
2,58,2016-05-19,4.00821532164537
2,59,2016-05-10,1.51179073115943
2,59,2016-05-11,1.25473617260097
2,59,2016-05-12,1.46884478420769
2,59,2016-05-13,1.47758033430929
2,59,2016-05-14,0.941797026813412
2,59,2016-05-15,0
2,59,2016-05-16,0.486761584018209
2,59,2016-05-17,1.32473034077931
2,59,2016-05-18,1.37218187595332
2,59,2016-05-19,1.61343058345918
2,60,2016-05-10,6.73147961865507
2,60,2016-05-11,6.06213455305139
2,60,2016-05-12,7.31884344767247
2,60,2016-05-13,7.53345207494983
2,60,2016-05-14,4.10183008214686
2,60,2016-05-15,1.42214726226288
2,60,2016-05-16,4.59916353494311
2,60,2016-05-17,6.37717024017893
2,60,2016-05-18,6.24467338578172
2,60,2016-05-19,7.21846282987332
2,61,2016-05-10,4.86412467899197
2,61,2016-05-11,4.27564391075268
2,61,2016-05-12,5.64319697369928
2,61,2016-05-13,6.21925009477833
2,61,2016-05-14,3.06874468233923
2,61,2016-05-15,0.634361459936363
2,61,2016-05-16,2.62396470981585
2,61,2016-05-17,4.34394783839094
2,61,2016-05-18,4.31626563652101
2,61,2016-05-19,5.42971195822395
2,62,2016-05-10,3.29639823392515
2,62,2016-05-11,3.28587560500901
2,62,2016-05-12,3.99664931373534
2,62,2016-05-13,3.87630717038842
2,62,2016-05-14,2.33663017683495
2,62,2016-05-15,0.3660307322757
2,62,2016-05-16,1.73469817929365
2,62,2016-05-17,3.25873916178354
2,62,2016-05-18,3.35184097627718
2,62,2016-05-19,3.90944490429517
2,63,2016-05-10,1.85679001295881
2,63,2016-05-11,2.07436451955803
2,63,2016-05-12,2.65794747231763
2,63,2016-05-13,2.35318370976065
2,63,2016-05-14,1.84157146567699
2,63,2016-05-15,0.277789840117893
2,63,2016-05-16,1.00776652522458
2,63,2016-05-17,1.77367999223142
2,63,2016-05-18,2.11829318016613
2,63,2016-05-19,2.5657297643899
2,64,2016-05-10,3.9893980681759
2,64,2016-05-11,3.7352556144441
2,64,2016-05-12,4.58230729236887
2,64,2016-05-13,4.44139308441924
2,64,2016-05-14,2.28935927974034
2,64,2016-05-15,0.830087574554656
2,64,2016-05-16,2.28204403855639
2,64,2016-05-17,3.81632004158507
2,64,2016-05-18,3.77393977383471
2,64,2016-05-19,4.54952269924707
2,65,2016-05-10,0.441796660919908
2,65,2016-05-11,0.405933535726142
2,65,2016-05-12,0.654697229263231
2,65,2016-05-13,0.542856876453978
2,65,2016-05-14,0.0658485152884787
2,65,2016-05-15,0
2,65,2016-05-16,0.0864579553152436
2,65,2016-05-17,0.350251070983535
2,65,2016-05-18,0.329517938559862
2,65,2016-05-19,0.661301785590359
2,66,2016-05-10,2.76826689014736
2,66,2016-05-11,2.211608580961
2,66,2016-05-12,2.6547163755691
2,66,2016-05-13,2.84494970614362
2,66,2016-05-14,1.52560500588343
2,66,2016-05-15,0.33878485160752
2,66,2016-05-16,1.15254328817289
2,66,2016-05-17,2.4048422309666
2,66,2016-05-18,2.42242261372984
2,66,2016-05-19,2.67169776837186
2,67,2016-05-10,2.54661281571048
2,67,2016-05-11,2.30713694795423
2,67,2016-05-12,2.57481654792064
2,67,2016-05-13,2.72661999955973
2,67,2016-05-14,1.18990920677859
2,67,2016-05-15,0
2,67,2016-05-16,1.39095619569409
2,67,2016-05-17,2.21546998731216
2,67,2016-05-18,2.29100096577393
2,67,2016-05-19,2.58472128110101
2,68,2016-05-10,1.66170756413801
2,68,2016-05-11,1.87539406894157
2,68,2016-05-12,2.21374756306138
2,68,2016-05-13,2.07317071684105
2,68,2016-05-14,1.05420402054871
2,68,2016-05-15,0.0794690886196017
2,68,2016-05-16,1.16689187780449
2,68,2016-05-17,1.67469688830743
2,68,2016-05-18,1.62470618572202
2,68,2016-05-19,2.1313046728378
2,69,2016-05-10,1.89512998798043
2,69,2016-05-11,1.80490821810398
2,69,2016-05-12,2.00993995145631
2,69,2016-05-13,1.96857239148138
2,69,2016-05-14,1.23780131101548
2,69,2016-05-15,0.256373463098618
2,69,2016-05-16,1.0530960555053
2,69,2016-05-17,1.7226830934276
2,69,2016-05-18,1.87139818860442
2,69,2016-05-19,1.95758349316264
2,70,2016-05-10,1.15971319451
2,70,2016-05-11,1.27852627381652
2,70,2016-05-12,1.43696759177478
2,70,2016-05-13,1.16178632535911
2,70,2016-05-14,0.844803177441282
2,70,2016-05-15,0
2,70,2016-05-16,0.397444383745527
2,70,2016-05-17,1.119414713029
2,70,2016-05-18,1.14495526385511
2,70,2016-05-19,1.14808324918591
2,71,2016-05-10,1.17618787012186
2,71,2016-05-11,1.56971260062966
2,71,2016-05-12,1.53823925973571
2,71,2016-05-13,1.2194787112909
2,71,2016-05-14,1.15991647031562
2,71,2016-05-15,0.257075988878196
2,71,2016-05-16,0.395373178584837
2,71,2016-05-17,1.19706985351085
2,71,2016-05-18,1.64215295941354
2,71,2016-05-19,1.79368258711034
2,72,2016-05-10,0.33748949989841
2,72,2016-05-11,0
2,72,2016-05-12,0.231618864103082
2,72,2016-05-13,0.174598691854184
2,72,2016-05-14,0.0980121476236031
2,72,2016-05-15,0
2,72,2016-05-16,0
2,72,2016-05-17,0.294495773408107
2,72,2016-05-18,0.00142111382607246
2,72,2016-05-19,0.292466031145909
2,73,2016-05-10,2.31499716108314
2,73,2016-05-11,2.37778912430172
2,73,2016-05-12,2.74206981151513
2,73,2016-05-13,2.65535344789797
2,73,2016-05-14,2.18133656412247
2,73,2016-05-15,0.654908802835142
2,73,2016-05-16,1.0640229855457
2,73,2016-05-17,2.50160281995873
2,73,2016-05-18,2.68585343809621
2,73,2016-05-19,2.90908187137744
2,74,2016-05-10,3.56685074969381
2,74,2016-05-11,3.66139014364572
2,74,2016-05-12,3.99756888033523
2,74,2016-05-13,3.58194057456825
2,74,2016-05-14,2.37957763318668
2,74,2016-05-15,0.51359207032208
2,74,2016-05-16,1.51764319931651
2,74,2016-05-17,3.4601871924664
2,74,2016-05-18,3.65673996785082
2,74,2016-05-19,3.89473647650117
2,75,2016-05-10,2.88222620994655
2,75,2016-05-11,2.64219265687925
2,75,2016-05-12,3.21749717725889
2,75,2016-05-13,3.01812825474767
2,75,2016-05-14,1.82265658986794
2,75,2016-05-15,0.096120424629436
2,75,2016-05-16,1.38792752939963
2,75,2016-05-17,3.05568295595867
2,75,2016-05-18,3.25868942030394
2,75,2016-05-19,2.89130432162852
2,76,2016-05-10,2.95690939454938
2,76,2016-05-11,2.58984817424548
2,76,2016-05-12,3.05407908656791
2,76,2016-05-13,2.75315069634974
2,76,2016-05-14,1.15051382155868
2,76,2016-05-15,0.0670340378576905
2,76,2016-05-16,1.81775756746553
2,76,2016-05-17,2.70244790699671
2,76,2016-05-18,2.68015571405864
2,76,2016-05-19,2.87682199997696
2,77,2016-05-10,5.79741011758152
2,77,2016-05-11,5.2815211583414
2,77,2016-05-12,5.46103007241661
2,77,2016-05-13,5.83938121665826
2,77,2016-05-14,3.97759312700117
2,77,2016-05-15,1.60219223629418
2,77,2016-05-16,2.14884990712568
2,77,2016-05-17,6.60943214124316
2,77,2016-05-18,6.51853615019257
2,77,2016-05-19,6.13515789995253
2,78,2016-05-10,0.101221780964085
2,78,2016-05-11,0.136376473340452
2,78,2016-05-12,0.00479983768654743
2,78,2016-05-13,0.0767823569880527
2,78,2016-05-14,0
2,78,2016-05-15,0
2,78,2016-05-16,0
2,78,2016-05-17,0.137940251564294
2,78,2016-05-18,0.0379158527027951
2,78,2016-05-19,0.0305665219125337
2,79,2016-05-10,0.601641385962447
2,79,2016-05-11,0.534573827718112
2,79,2016-05-12,0.627496405523273
2,79,2016-05-13,0.684868370136701
2,79,2016-05-14,0.171431368689135
2,79,2016-05-15,0
2,79,2016-05-16,0.232301280497759
2,79,2016-05-17,0.536521560748218
2,79,2016-05-18,0.571345661699453
2,79,2016-05-19,0.637172028667648
2,80,2016-05-10,2.04114241056418
2,80,2016-05-11,2.03985347251884
2,80,2016-05-12,2.30826531501879
2,80,2016-05-13,2.30537693395847
2,80,2016-05-14,1.01042017495362
2,80,2016-05-15,0.0119877583818949
2,80,2016-05-16,1.50921116682079
2,80,2016-05-17,2.0378238282218
2,80,2016-05-18,2.04551219015423
2,80,2016-05-19,2.24582286873165
2,81,2016-05-10,1.58260298554901
2,81,2016-05-11,1.55356477816036
2,81,2016-05-12,1.86606467561339
2,81,2016-05-13,1.8257199990347
2,81,2016-05-14,0.732911908418193
2,81,2016-05-15,0
2,81,2016-05-16,0.976039404955361
2,81,2016-05-17,1.33421141579415
2,81,2016-05-18,1.4109624202773
2,81,2016-05-19,1.71086164025816
2,82,2016-05-10,1.01050746410871
2,82,2016-05-11,0.818048008454765
2,82,2016-05-12,1.06752290597534
2,82,2016-05-13,0.992255274692446
2,82,2016-05-14,0.154034031777802
2,82,2016-05-15,0
2,82,2016-05-16,0.639813950774663
2,82,2016-05-17,0.872579089174622
2,82,2016-05-18,0.829870959359896
2,82,2016-05-19,1.00725835052458
2,83,2016-05-10,2.34736923481793
2,83,2016-05-11,2.24932614374153
2,83,2016-05-12,2.51751779843175
2,83,2016-05-13,3.01189168592962
2,83,2016-05-14,1.39211174922196
2,83,2016-05-15,0
2,83,2016-05-16,1.626506133256
2,83,2016-05-17,2.27982721136947
2,83,2016-05-18,2.11761416280676
2,83,2016-05-19,2.59939213708022
2,84,2016-05-10,4.8714544243422
2,84,2016-05-11,3.86637067216658
2,84,2016-05-12,4.51517400881473
2,84,2016-05-13,4.94134946609342
2,84,2016-05-14,2.04751294395303
2,84,2016-05-15,0.108257124555467
2,84,2016-05-16,2.29256778520705
2,84,2016-05-17,4.12271269919634
2,84,2016-05-18,3.59088220930385
2,84,2016-05-19,4.43167629453148
2,85,2016-05-10,2.11391147986051
2,85,2016-05-11,2.30583291375297
2,85,2016-05-12,2.74487605116344
2,85,2016-05-13,2.70080271485043
2,85,2016-05-14,1.73712481104659
2,85,2016-05-15,0.672647620414262
2,85,2016-05-16,1.156730032532
2,85,2016-05-17,2.0308348914335
2,85,2016-05-18,2.25419470555778
2,85,2016-05-19,2.72243696326065
2,86,2016-05-10,4.98664829211117
2,86,2016-05-11,5.23819233332239
2,86,2016-05-12,5.82358054022168
2,86,2016-05-13,5.57710148743265
2,86,2016-05-14,3.33754838974348
2,86,2016-05-15,1.78332726276113
2,86,2016-05-16,2.98419621318187
2,86,2016-05-17,4.92769303666863
2,86,2016-05-18,5.01769671059382
2,86,2016-05-19,5.55696879761652
2,87,2016-05-10,1.55666843738208
2,87,2016-05-11,1.39442939610233
2,87,2016-05-12,1.85535318429324
2,87,2016-05-13,1.90450886392085
2,87,2016-05-14,0.983924483802102
2,87,2016-05-15,0.135732681924244
2,87,2016-05-16,0.739687414927436
2,87,2016-05-17,1.46993828006846
2,87,2016-05-18,1.37133268363192
2,87,2016-05-19,1.70192065693161
2,88,2016-05-10,8.42502961245363
2,88,2016-05-11,8.42000084677946
2,88,2016-05-12,10.0206370041992
2,88,2016-05-13,10.2875192821415
2,88,2016-05-14,5.81165804769692
2,88,2016-05-15,1.49204305673982
2,88,2016-05-16,4.22648333408467
2,88,2016-05-17,8.46243493877935
2,88,2016-05-18,8.68252080369792
2,88,2016-05-19,9.66667791877845
2,89,2016-05-10,2.39948113543398
2,89,2016-05-11,1.98333766095991
2,89,2016-05-12,2.6257617256461
2,89,2016-05-13,2.48319870021016
2,89,2016-05-14,1.40216874865979
2,89,2016-05-15,0.392630719647837
2,89,2016-05-16,0.746189388409176
2,89,2016-05-17,2.28338572192827
2,89,2016-05-18,1.91522086461868
2,89,2016-05-19,2.56435250782156
2,90,2016-05-10,6.9664902313696
2,90,2016-05-11,5.85638803804942
2,90,2016-05-12,7.86798520950047
2,90,2016-05-13,7.58997217267204
2,90,2016-05-14,4.35733483351647
2,90,2016-05-15,1.3414586862407
2,90,2016-05-16,4.10137045907305
2,90,2016-05-17,6.94625625544251
2,90,2016-05-18,6.1198717561794
2,90,2016-05-19,7.81795228300555
2,91,2016-05-10,3.14126778900547
2,91,2016-05-11,2.79411332578156
2,91,2016-05-12,3.76323748859711
2,91,2016-05-13,3.39127616367384
2,91,2016-05-14,1.42377453510484
2,91,2016-05-15,0.209564054471212
2,91,2016-05-16,1.33287835978076
2,91,2016-05-17,2.81358896775637
2,91,2016-05-18,2.89723128282272
2,91,2016-05-19,3.53792415201352
2,92,2016-05-10,3.26960729028491
2,92,2016-05-11,2.59694524336893
2,92,2016-05-12,3.37956721677463
2,92,2016-05-13,3.08473325654741
2,92,2016-05-14,1.48983673616784
2,92,2016-05-15,0.063300381242495
2,92,2016-05-16,1.62290821745874
2,92,2016-05-17,2.69331073873591
2,92,2016-05-18,3.18811109731959
2,92,2016-05-19,3.64579139668342
2,93,2016-05-10,1.55778571314943
2,93,2016-05-11,1.37404348993542
2,93,2016-05-12,1.33506695795396
2,93,2016-05-13,1.60935128015453
2,93,2016-05-14,0.782375532078493
2,93,2016-05-15,0.0864912950533161
2,93,2016-05-16,0.819302570740182
2,93,2016-05-17,1.57054400192612
2,93,2016-05-18,1.33173847863137
2,93,2016-05-19,1.31329792596217
2,94,2016-05-10,3.97636317208496
2,94,2016-05-11,3.9230757491958
2,94,2016-05-12,4.48651904851683
2,94,2016-05-13,4.76125361627894
2,94,2016-05-14,2.54214622565628
2,94,2016-05-15,1.35212847062483
2,94,2016-05-16,2.29626182516423
2,94,2016-05-17,4.33075606411584
2,94,2016-05-18,4.19145581096687
2,94,2016-05-19,4.42690722908821
2,95,2016-05-10,3.17852101204998
2,95,2016-05-11,2.92911516658363
2,95,2016-05-12,3.53054692082322
2,95,2016-05-13,3.79066623139516
2,95,2016-05-14,2.46586853927312
2,95,2016-05-15,1.22404428975556
2,95,2016-05-16,2.26613063035009
2,95,2016-05-17,3.18562272816153
2,95,2016-05-18,3.06374371446055
2,95,2016-05-19,3.53318486053276
2,96,2016-05-10,3.50780702854909
2,96,2016-05-11,3.50195570087536
2,96,2016-05-12,3.72052712344785
2,96,2016-05-13,3.89868856860091
2,96,2016-05-14,2.04175937189128
2,96,2016-05-15,0.390532750419459
2,96,2016-05-16,2.14053535273878
2,96,2016-05-17,3.10185802423338
2,96,2016-05-18,3.33943380324934
2,96,2016-05-19,3.63519441044514
2,97,2016-05-10,1.47900634446261
2,97,2016-05-11,1.5347377253731
2,97,2016-05-12,1.85428209880543
2,97,2016-05-13,1.92029808013618
2,97,2016-05-14,0.865550980146155
2,97,2016-05-15,0.186442991827624
2,97,2016-05-16,0.986280919654632
2,97,2016-05-17,1.36296592012792
2,97,2016-05-18,1.55696428419305
2,97,2016-05-19,1.79946039969403
2,98,2016-05-10,1.72198582456844
2,98,2016-05-11,1.41863860273504
2,98,2016-05-12,1.92539935811519
2,98,2016-05-13,1.78517210536445
2,98,2016-05-14,0.891975448162314
2,98,2016-05-15,0.159964798699596
2,98,2016-05-16,1.15836701564868
2,98,2016-05-17,1.53030664873388
2,98,2016-05-18,1.4158954414252
2,98,2016-05-19,1.83735622169939
2,99,2016-05-10,1.83224549811183
2,99,2016-05-11,1.90382616229007
2,99,2016-05-12,2.31880289680345
2,99,2016-05-13,2.40195513951981
2,99,2016-05-14,1.20045058939254
2,99,2016-05-15,0.0851149612673407
2,99,2016-05-16,1.51564359834987
2,99,2016-05-17,1.72720693018944
2,99,2016-05-18,1.84634433918475
2,99,2016-05-19,2.24733905073725
2,100,2016-05-10,4.08465803499578
2,100,2016-05-11,3.93327406762396
2,100,2016-05-12,4.33409504498381
2,100,2016-05-13,4.6625286870608
2,100,2016-05-14,2.83408208383428
2,100,2016-05-15,0.918802366756811
2,100,2016-05-16,2.67159630548887
2,100,2016-05-17,4.18977505601547
2,100,2016-05-18,3.9641911845917
2,100,2016-05-19,4.1367205560677
2,101,2016-05-10,3.03813426042383
2,101,2016-05-11,2.69523585410423
2,101,2016-05-12,3.73224851366241
2,101,2016-05-13,3.50982496764231
2,101,2016-05-14,2.20996933671748
2,101,2016-05-15,0.597072802460266
2,101,2016-05-16,1.47388577780819
2,101,2016-05-17,4.02503721174693
2,101,2016-05-18,3.16467082734622
2,101,2016-05-19,4.30585658547654
2,102,2016-05-10,4.97579221921136
2,102,2016-05-11,5.06777395234945
2,102,2016-05-12,4.5042853836779
2,102,2016-05-13,4.90897135255661
2,102,2016-05-14,2.83938670856803
2,102,2016-05-15,0.746638003231158
2,102,2016-05-16,2.49889865722176
2,102,2016-05-17,4.90553088713064
2,102,2016-05-18,4.91578655865453
2,102,2016-05-19,4.52666058899525
2,103,2016-05-10,2.20466227957085
2,103,2016-05-11,2.15268804097406
2,103,2016-05-12,2.60908627202676
2,103,2016-05-13,2.60242703496453
2,103,2016-05-14,1.50115894763143
2,103,2016-05-15,0.210402165808141
2,103,2016-05-16,1.14122402713035
2,103,2016-05-17,2.09329294235281
2,103,2016-05-18,2.22337820421029
2,103,2016-05-19,2.50282479044968
2,104,2016-05-10,2.21351017462353
2,104,2016-05-11,2.14036297071105
2,104,2016-05-12,2.49731790820313
2,104,2016-05-13,2.37350928713099
2,104,2016-05-14,1.08663525871806
2,104,2016-05-15,0.18715230076104
2,104,2016-05-16,1.43737438778489
2,104,2016-05-17,2.23412455623864
2,104,2016-05-18,2.28081374360364
2,104,2016-05-19,2.36485203380223
2,105,2016-05-10,4.36386611003681
2,105,2016-05-11,4.12448414015381
2,105,2016-05-12,4.91593510005336
2,105,2016-05-13,5.01291772127015
2,105,2016-05-14,1.99240610550427
2,105,2016-05-15,0.46846280214859
2,105,2016-05-16,2.81238463536982
2,105,2016-05-17,4.03653043992203
2,105,2016-05-18,3.85278147398433
2,105,2016-05-19,4.98393735683412
2,106,2016-05-10,3.4687815352297
2,106,2016-05-11,4.43691443959451
2,106,2016-05-12,4.94930748502185
2,106,2016-05-13,4.41851416588217
2,106,2016-05-14,2.44801396010702
2,106,2016-05-15,0.62477293673126
2,106,2016-05-16,2.18322555175426
2,106,2016-05-17,3.36930814901122
2,106,2016-05-18,4.30027475102771
2,106,2016-05-19,4.79475957588564
2,107,2016-05-10,2.01502713676037
2,107,2016-05-11,1.56626673202463
2,107,2016-05-12,1.8690628117101
2,107,2016-05-13,1.97684846700735
2,107,2016-05-14,2.72286973273534
2,107,2016-05-15,1.03141443014437
2,107,2016-05-16,1.45222740091404
2,107,2016-05-17,2.3615871006027
2,107,2016-05-18,1.50481246344085
2,107,2016-05-19,2.18242669877178
2,108,2016-05-10,2.12493519388393
2,108,2016-05-11,2.25456979503111
2,108,2016-05-12,2.64800324858383
2,108,2016-05-13,2.44029396977377
2,108,2016-05-14,1.57556679213843
2,108,2016-05-15,0.463178978386965
2,108,2016-05-16,1.29234731736405
2,108,2016-05-17,2.23101154033077
2,108,2016-05-18,2.33029668007551
2,108,2016-05-19,2.45055485715879
2,109,2016-05-10,3.52317666037091
2,109,2016-05-11,3.31254885019975
2,109,2016-05-12,3.6923424972945
2,109,2016-05-13,3.69701992822894
2,109,2016-05-14,2.55906117454022
2,109,2016-05-15,0.455321073877403
2,109,2016-05-16,1.37894527308286
2,109,2016-05-17,3.3624417151947
2,109,2016-05-18,3.18102217289716
2,109,2016-05-19,3.66193904212337
2,110,2016-05-10,1.74509586386667
2,110,2016-05-11,1.7361089768431
2,110,2016-05-12,2.17711042464155
2,110,2016-05-13,1.99472315730175
2,110,2016-05-14,1.00467572854623
2,110,2016-05-15,0.0121531899715741
2,110,2016-05-16,0.961281759987049
2,110,2016-05-17,1.58985357713968
2,110,2016-05-18,1.62438025668145
2,110,2016-05-19,2.10090030995808
2,111,2016-05-10,7.02783939566595
2,111,2016-05-11,6.29312133752709
2,111,2016-05-12,7.53987468127577
2,111,2016-05-13,7.96296746234034
2,111,2016-05-14,4.28562421387527
2,111,2016-05-15,0.933390587559326
2,111,2016-05-16,2.85227253134955
2,111,2016-05-17,6.67024831675204
2,111,2016-05-18,6.28967939908755
2,111,2016-05-19,7.64017278044983
2,112,2016-05-10,1.58735065555973
2,112,2016-05-11,1.68009023821052
2,112,2016-05-12,1.77006526929637
2,112,2016-05-13,1.87821505738072
2,112,2016-05-14,1.0682981661532
2,112,2016-05-15,0.0702613216020544
2,112,2016-05-16,0.792170793730339
2,112,2016-05-17,1.6712336923738
2,112,2016-05-18,1.73439554902147
2,112,2016-05-19,1.68974139201613
2,113,2016-05-10,6.53859876632745
2,113,2016-05-11,5.5079434340876
2,113,2016-05-12,7.51636920026678
2,113,2016-05-13,6.58746123718703
2,113,2016-05-14,5.28246266041017
2,113,2016-05-15,1.27624076472691
2,113,2016-05-16,2.86666304468336
2,113,2016-05-17,6.20816387738136
2,113,2016-05-18,5.58716539262319
2,113,2016-05-19,7.22084075656395
2,114,2016-05-10,6.37597326449986
2,114,2016-05-11,6.74152830756228
2,114,2016-05-12,7.66011599156793
2,114,2016-05-13,7.54246725773581
2,114,2016-05-14,4.41522676740752
2,114,2016-05-15,1.07758745884751
2,114,2016-05-16,3.28679516562407
2,114,2016-05-17,6.09074213304901
2,114,2016-05-18,6.77824812531078
2,114,2016-05-19,7.60361923368324
2,115,2016-05-10,0.311545558497591
2,115,2016-05-11,0.295528676102376
2,115,2016-05-12,0.495258434746918
2,115,2016-05-13,0.418313113336442
2,115,2016-05-14,0.171438924590514
2,115,2016-05-15,0
2,115,2016-05-16,0
2,115,2016-05-17,0.249639831022732
2,115,2016-05-18,0.299816302424687
2,115,2016-05-19,0.498516737845284
2,116,2016-05-10,1.13424129566593
2,116,2016-05-11,0.999451662701239
2,116,2016-05-12,1.24295118622123
2,116,2016-05-13,1.19686607947151
2,116,2016-05-14,0.687843856576493
2,116,2016-05-15,0.191394723443822
2,116,2016-05-16,0.74156407955598
2,116,2016-05-17,1.04315440207081
2,116,2016-05-18,1.00131327204762
2,116,2016-05-19,1.22016444613004
2,117,2016-05-10,0.549390545871542
2,117,2016-05-11,0.229395395808924
2,117,2016-05-12,0.252200403872883
2,117,2016-05-13,0.438656887800906
2,117,2016-05-14,0.0763530454119767
2,117,2016-05-15,0
2,117,2016-05-16,0.233601748549542
2,117,2016-05-17,0.402844607676617
2,117,2016-05-18,0.203989883229511
2,117,2016-05-19,0.382680413439659
2,118,2016-05-10,1.30727041593812
2,118,2016-05-11,1.74048619312538
2,118,2016-05-12,1.72334226685239
2,118,2016-05-13,1.68309967203988
2,118,2016-05-14,0.961763141188693
2,118,2016-05-15,0.364933269058421
2,118,2016-05-16,0.730759137233324
2,118,2016-05-17,1.20093991353873
2,118,2016-05-18,1.7195639031878
2,118,2016-05-19,1.69530208361539
2,119,2016-05-10,0.41017028467167
2,119,2016-05-11,0.317405751527212
2,119,2016-05-12,0.44516398225835
2,119,2016-05-13,0.497970335810896
2,119,2016-05-14,0.117534874478929
2,119,2016-05-15,0.0698560480335306
2,119,2016-05-16,0.150172393963279
2,119,2016-05-17,0.347394205824489
2,119,2016-05-18,0.210159290974268
2,119,2016-05-19,0.527087741636982
2,120,2016-05-10,4.17964142102889
2,120,2016-05-11,4.46477354935444
2,120,2016-05-12,5.11112460255535
2,120,2016-05-13,5.20208151417137
2,120,2016-05-14,3.22497547204576
2,120,2016-05-15,1.64122270678232
2,120,2016-05-16,2.01667426232815
2,120,2016-05-17,3.85381744334075
2,120,2016-05-18,4.40128438218904
2,120,2016-05-19,4.88309079068079
2,121,2016-05-10,5.46440201451825
2,121,2016-05-11,4.98419957966617
2,121,2016-05-12,6.23254370485495
2,121,2016-05-13,6.08531360958766
2,121,2016-05-14,3.89646811487685
2,121,2016-05-15,1.40878539441465
2,121,2016-05-16,2.65422723814634
2,121,2016-05-17,5.43667627553129
2,121,2016-05-18,5.00854661208091
2,121,2016-05-19,5.93432172796887
2,122,2016-05-10,2.07755291507377
2,122,2016-05-11,2.70276132199483
2,122,2016-05-12,2.48727033998435
2,122,2016-05-13,2.63887026009653
2,122,2016-05-14,1.826690549755
2,122,2016-05-15,0.403608771438512
2,122,2016-05-16,1.27572372059101
2,122,2016-05-17,1.99403980082238
2,122,2016-05-18,2.96559863962665
2,122,2016-05-19,2.46968557178169
2,123,2016-05-10,1.88362547760384
2,123,2016-05-11,2.45760348423901
2,123,2016-05-12,2.7010645020673
2,123,2016-05-13,2.27897427524495
2,123,2016-05-14,1.34178843850792
2,123,2016-05-15,0.246407556557254
2,123,2016-05-16,1.53585291082681
2,123,2016-05-17,1.95645255169799
2,123,2016-05-18,2.3742889103704
2,123,2016-05-19,3.07627530327882
2,124,2016-05-10,3.24669100847175
2,124,2016-05-11,3.65861350821511
2,124,2016-05-12,3.59216727770517
2,124,2016-05-13,4.12821571288254
2,124,2016-05-14,1.9500012673739
2,124,2016-05-15,0.847089689106117
2,124,2016-05-16,2.3694878393008
2,124,2016-05-17,3.37300022167016
2,124,2016-05-18,3.59720638040174
2,124,2016-05-19,3.51102231603233
2,125,2016-05-10,3.86711872851209
2,125,2016-05-11,3.64459733309188
2,125,2016-05-12,3.91038350556776
2,125,2016-05-13,3.82200620212293
2,125,2016-05-14,2.6127685349208
2,125,2016-05-15,0.672227819408622
2,125,2016-05-16,1.79519859291199
2,125,2016-05-17,3.59727968234506
2,125,2016-05-18,3.66295878281884
2,125,2016-05-19,3.8236832585391
2,126,2016-05-10,3.10294194952269
2,126,2016-05-11,3.60309584324175
2,126,2016-05-12,3.50687421154886
2,126,2016-05-13,3.16066253363408
2,126,2016-05-14,1.89211354980792
2,126,2016-05-15,0.4418661703859
2,126,2016-05-16,1.88809115836322
2,126,2016-05-17,2.93022309569704
2,126,2016-05-18,3.34865420207474
2,126,2016-05-19,3.06405420052057
2,127,2016-05-10,3.44321178105033
2,127,2016-05-11,3.60774951143316
2,127,2016-05-12,3.94033664674928
2,127,2016-05-13,3.68905457234061
2,127,2016-05-14,1.92523169798741
2,127,2016-05-15,0.450332276273221
2,127,2016-05-16,2.51363229104026
2,127,2016-05-17,3.28023265816786
2,127,2016-05-18,3.44453452456037
2,127,2016-05-19,3.71114484191767
2,128,2016-05-10,0.545014696202829
2,128,2016-05-11,0.573632837040506
2,128,2016-05-12,0.506866036343278
2,128,2016-05-13,0.698930403736231
2,128,2016-05-14,0.131624157586492
2,128,2016-05-15,0
2,128,2016-05-16,0.378401300826657
2,128,2016-05-17,0.677867819704233
2,128,2016-05-18,0.634457285114373
2,128,2016-05-19,0.589655298508043
2,129,2016-05-10,4.24774558846467
2,129,2016-05-11,3.24234808328085
2,129,2016-05-12,3.97990186622476
2,129,2016-05-13,3.74757674512295
2,129,2016-05-14,1.84509171399336
2,129,2016-05-15,0.498193413252955
2,129,2016-05-16,2.6425929309932
2,129,2016-05-17,4.14033832237752
2,129,2016-05-18,3.49911323693394
2,129,2016-05-19,3.82944588429698
2,130,2016-05-10,3.61990765433016
2,130,2016-05-11,3.21759823929364
2,130,2016-05-12,3.76867747880714
2,130,2016-05-13,3.67997465640442
2,130,2016-05-14,2.32825479229916
2,130,2016-05-15,0.564500926102005
2,130,2016-05-16,2.02495857342885
2,130,2016-05-17,3.56692717381418
2,130,2016-05-18,3.28478391915364
2,130,2016-05-19,3.74728630028708
2,131,2016-05-10,4.48845299524373
2,131,2016-05-11,3.56450056533742
2,131,2016-05-12,3.26759896445548
2,131,2016-05-13,3.58665563894655
2,131,2016-05-14,2.46461775936795
2,131,2016-05-15,0.543833606940592
2,131,2016-05-16,2.6657228308112
2,131,2016-05-17,4.41426788889566
2,131,2016-05-18,3.59898728280004
2,131,2016-05-19,3.2114719222866
2,132,2016-05-10,2.20063112558701
2,132,2016-05-11,2.40038581389483
2,132,2016-05-12,2.19541069729165
2,132,2016-05-13,2.44761786224825
2,132,2016-05-14,1.38145290931975
2,132,2016-05-15,0.326363584120025
2,132,2016-05-16,1.25478024524943
2,132,2016-05-17,2.10455233007865
2,132,2016-05-18,2.32964136509689
2,132,2016-05-19,2.3223367261452
2,133,2016-05-10,3.31548798363553
2,133,2016-05-11,3.35303435389185
2,133,2016-05-12,3.61064296122103
2,133,2016-05-13,4.09362650960356
2,133,2016-05-14,3.04814894333742
2,133,2016-05-15,1.53997486432138
2,133,2016-05-16,2.24505446130735
2,133,2016-05-17,3.27539899302421
2,133,2016-05-18,3.52393296346505
2,133,2016-05-19,3.79599371486675
2,134,2016-05-10,0.940351026219321
2,134,2016-05-11,0.867275938545393
2,134,2016-05-12,1.27478843658351
2,134,2016-05-13,1.09186538094753
2,134,2016-05-14,0.987184119080621
2,134,2016-05-15,0.100765552732669
2,134,2016-05-16,0.549216954832916
2,134,2016-05-17,1.12042220773256
2,134,2016-05-18,0.968706517338641
2,134,2016-05-19,1.27509161245501
2,135,2016-05-10,4.43761395604196
2,135,2016-05-11,3.37571449384562
2,135,2016-05-12,4.73415428527619
2,135,2016-05-13,4.6657550314753
2,135,2016-05-14,2.58069856912665
2,135,2016-05-15,0.295283480749594
2,135,2016-05-16,2.22115280937018
2,135,2016-05-17,4.29885240309132
2,135,2016-05-18,3.43474854582221
2,135,2016-05-19,4.77126913571507
2,136,2016-05-10,1.19749194962791
2,136,2016-05-11,1.05468937163655
2,136,2016-05-12,1.3524591834559
2,136,2016-05-13,1.38398460746495
2,136,2016-05-14,0.788251001569026
2,136,2016-05-15,0.0599849206489736
2,136,2016-05-16,0.553950231100741
2,136,2016-05-17,1.07768003328997
2,136,2016-05-18,0.998087668600888
2,136,2016-05-19,1.32416555978034
2,137,2016-05-10,1.94529880382019
2,137,2016-05-11,1.79559196980482
2,137,2016-05-12,2.51911883404649
2,137,2016-05-13,2.08324824164183
2,137,2016-05-14,0.879260907840403
2,137,2016-05-15,0
2,137,2016-05-16,0.933140365019815
2,137,2016-05-17,1.90247947149772
2,137,2016-05-18,1.80390720877947
2,137,2016-05-19,2.42656267507889
2,138,2016-05-10,1.85343391999875
2,138,2016-05-11,1.80940243862713
2,138,2016-05-12,2.1063275813507
2,138,2016-05-13,2.10013854634212
2,138,2016-05-14,1.46036265434938
2,138,2016-05-15,0.0696688339916511
2,138,2016-05-16,0.973108455491345
2,138,2016-05-17,1.73638319774126
2,138,2016-05-18,1.79455734205054
2,138,2016-05-19,2.27735420657314
2,139,2016-05-10,3.99888044492734
2,139,2016-05-11,3.60350598496028
2,139,2016-05-12,4.29389962558008
2,139,2016-05-13,4.28585270799173
2,139,2016-05-14,2.30567226725845
2,139,2016-05-15,0.57622767040733
2,139,2016-05-16,2.03221475051339
2,139,2016-05-17,3.87993341027984
2,139,2016-05-18,3.61298651548849
2,139,2016-05-19,4.23374077504299
2,140,2016-05-10,4.2699058516529
2,140,2016-05-11,3.76955168345147
2,140,2016-05-12,5.34036080357411
2,140,2016-05-13,4.74000745440091
2,140,2016-05-14,1.9998202371236
2,140,2016-05-15,0
2,140,2016-05-16,2.50261538504737
2,140,2016-05-17,3.81491978323399
2,140,2016-05-18,3.54212466572408
2,140,2016-05-19,4.64507018160563
2,141,2016-05-10,1.49007560929092
2,141,2016-05-11,1.4705489144317
2,141,2016-05-12,1.72734719775915
2,141,2016-05-13,1.71157582444498
2,141,2016-05-14,0.896195331326108
2,141,2016-05-15,0.236043881732953
2,141,2016-05-16,0.978114382195513
2,141,2016-05-17,1.41214533636197
2,141,2016-05-18,1.43837455017869
2,141,2016-05-19,1.81217802542682
2,142,2016-05-10,3.33950547144519
2,142,2016-05-11,2.83677654282357
2,142,2016-05-12,3.59742226544294
2,142,2016-05-13,3.30664750946985
2,142,2016-05-14,1.85347295368444
2,142,2016-05-15,0.473753322453278
2,142,2016-05-16,2.37766913430004
2,142,2016-05-17,3.25018204596394
2,142,2016-05-18,2.82992803298723
2,142,2016-05-19,3.43380971558843
2,143,2016-05-10,0.835297990172621
2,143,2016-05-11,0.773852719307773
2,143,2016-05-12,0.989215194268603
2,143,2016-05-13,1.01610646905558
2,143,2016-05-14,0.628950593656133
2,143,2016-05-15,0.00068381543730886
2,143,2016-05-16,0.542503973874034
2,143,2016-05-17,0.845582366608431
2,143,2016-05-18,0.874933244354991
2,143,2016-05-19,1.00584802220661
2,144,2016-05-10,4.37240069823902
2,144,2016-05-11,4.34224226938818
2,144,2016-05-12,4.82206707719086
2,144,2016-05-13,4.75710627055159
2,144,2016-05-14,2.27718746476051
2,144,2016-05-15,0.340591349468386
2,144,2016-05-16,2.51424375024981
2,144,2016-05-17,3.69561159801951
2,144,2016-05-18,4.68164391104801
2,144,2016-05-19,5.13930241181031
2,145,2016-05-10,4.5547317124434
2,145,2016-05-11,3.87340601175789
2,145,2016-05-12,4.8658335022247
2,145,2016-05-13,5.60636236900121
2,145,2016-05-14,2.53299116670993
2,145,2016-05-15,0.940900121076963
2,145,2016-05-16,2.93886592947805
2,145,2016-05-17,3.97379163393975
2,145,2016-05-18,4.01860478380588
2,145,2016-05-19,5.21245218878322
